"","time","Temperature","Salinity","depth_bin","year","month"
"1",1979-01-23,4.47487745848156,32.9145825965518,50,1979,1
"2",1989-01-11,4.88034564574412,32.8093754028237,50,1989,1
"3",1990-01-07,3.79305105371309,32.9266193088374,50,1990,1
"4",1991-01-06,6.50010450116361,32.8125107858961,50,1991,1
"5",1992-01-10,5.94662446642693,32.3142518104789,50,1992,1
"6",1993-01-09,5.43174196761895,32.2998044528102,50,1993,1
"7",1994-01-12,4.16630448474829,32.2228120258068,50,1994,1
"8",1995-01-16,6.51448552714696,32.7797015414237,50,1995,1
"9",1996-01-17,5.2800498218731,32.4927444210442,50,1996,1
"10",1997-01-26,5.24992994303286,32.2142113107203,50,1997,1
"11",1998-01-23,4.83747339630687,31.890153563973,50,1998,1
"12",1999-01-22,5.09605443935401,32.3413980294141,50,1999,1
"13",2002-01-26,5.99694827820913,32.678879474446,50,2002,1
"14",2003-01-25,4.59983815034251,33.3893571970414,50,2003,1
"15",2004-01-26,4.77598942194055,33.2610855839683,50,2004,1
"16",2005-01-29,3.95833698025486,32.108356565101,50,2005,1
"17",2006-01-27,5.81175219537236,32.5642960778916,50,2006,1
"18",2007-01-30,6.30875800986548,33.0578254195254,50,2007,1
"19",1984-02-13,4.0032524841093,32.1448309946339,50,1984,2
"20",1985-02-12,3.16646323231766,32.095054592924,50,1985,2
"21",1987-02-09,4.65824122772404,32.7184379747429,50,1987,2
"22",1990-02-24,3.43628689021393,32.8444426352622,50,1990,2
"23",1991-02-09,4.89384998341123,32.8415110074007,50,1991,2
"24",1992-02-06,4.21421439496468,32.5194255200834,50,1992,2
"25",1995-02-17,4.35281767631064,32.4855576713718,50,1995,2
"26",1996-02-21,4.16493196268471,32.4401191983904,50,1996,2
"27",1997-02-19,4.08491632264878,32.0050451258525,50,1997,2
"28",1998-02-17,4.75979561834578,32.3123615449775,50,1998,2
"29",1999-02-18,4.90128874934659,32.3879941151585,50,1999,2
"30",2000-02-23,5.06794110575501,33.0356888624697,50,2000,2
"31",2001-02-22,5.88940722335764,33.0200000602048,50,2001,2
"32",2002-02-26,6.14691343550779,33.1137012738598,50,2002,2
"33",2003-02-26,5.23630670771307,33.478957665891,50,2003,2
"34",2004-02-14,4.75734004020691,33.330599899292,50,2004,2
"35",2005-02-08,4.75947620894928,32.348295578198,50,2005,2
"36",2006-02-04,7.49536299211008,33.1534252237391,50,2006,2
"37",2007-02-03,6.10088553968072,33.0505637738021,50,2007,2
"38",2008-02-13,4.68735165356343,32.8924882709657,50,2008,2
"39",2009-02-10,4.47610721608029,32.8316941800387,50,2009,2
"40",2010-02-16,4.68725594764815,32.5674708307943,50,2010,2
"41",2011-02-14,4.29781672301478,32.1811922671641,50,2011,2
"42",2012-02-11,6.10977163690409,32.6266598290788,50,2012,2
"43",2013-02-19,5.82863886015136,33.1501644497776,50,2013,2
"44",2017-02-21,5.94517412940488,32.9289885722069,50,2017,2
"45",1979-03-23,3.39302499901436,33.0833671969763,50,1979,3
"46",1984-03-25,2.81572135485008,32.6042163024634,50,1984,3
"47",1985-03-21,3.15581426463014,31.8930092349647,50,1985,3
"48",1991-03-28,4.54196758526277,32.7344891147745,50,1991,3
"49",1992-03-26,3.78558087659684,32.4589278493219,50,1992,3
"50",1995-03-19,4.69388436193099,32.7224040992892,50,1995,3
"51",1996-03-20,4.20069998502731,32.4989099566142,50,1996,3
"52",1997-03-26,3.91258786272423,32.0736519858424,50,1997,3
"53",1998-03-22,4.08547857076051,31.6251985336144,50,1998,3
"54",1999-03-16,4.29377864056864,32.4905137229991,50,1999,3
"55",2004-03-24,3.6075030917915,33.162942013985,50,2004,3
"56",2007-03-12,3.6630850148201,32.4327199077606,50,2007,3
"57",2008-03-09,3.88410285989201,32.58520047637,50,2008,3
"58",2009-03-23,4.2241414147194,32.8380197018993,50,2009,3
"59",2010-03-06,5.17353072458384,32.7888160238461,50,2010,3
"60",2011-03-13,5.14601998647054,32.4339424959819,50,2011,3
"61",2012-03-18,6.03111246047535,32.632275235992,50,2012,3
"62",2013-03-14,5.83749524920345,33.1157005949374,50,2013,3
"63",2014-03-06,3.96753459862677,32.7062270799001,50,2014,3
"64",1984-04-23,3.24496783915693,31.9619422052687,50,1984,4
"65",1985-04-08,3.12704713344279,32.0047267085133,50,1985,4
"66",1987-04-12,3.77346141727613,32.2663471685529,50,1987,4
"67",1988-04-15,2.53168948899465,32.4230989388264,50,1988,4
"68",1991-04-11,4.49264951025499,32.4034504496262,50,1991,4
"69",1992-04-12,3.37276275409119,32.0682525700283,50,1992,4
"70",1993-04-22,3.96779771297932,31.9670944697478,50,1993,4
"71",1994-04-19,4.76495653129106,32.465227004513,50,1994,4
"72",1995-04-20,4.54143446733151,32.2770057573602,50,1995,4
"73",1996-04-20,4.27745167477222,31.9989676467674,50,1996,4
"74",1997-04-17,4.15672273828206,32.1294640224775,50,1997,4
"75",1998-04-13,4.28789743973862,31.5229334029519,50,1998,4
"76",1999-04-16,4.99188692912529,32.2242261425504,50,1999,4
"77",2000-04-18,5.79941883747004,32.6085111252607,50,2000,4
"78",2001-04-21,4.67458608287258,32.0394840467761,50,2001,4
"79",2002-04-18,5.7849198637594,32.4821359248187,50,2002,4
"80",2003-04-20,4.17659772793874,32.5175850524043,50,2003,4
"81",2004-04-18,3.67159984612015,32.4121671442604,50,2004,4
"82",2005-04-18,4.59435397653623,31.8889685541643,50,2005,4
"83",2006-04-11,5.09123645160543,32.3609924457009,50,2006,4
"84",2007-04-17,4.38406570378087,32.5358914702152,50,2007,4
"85",2008-04-20,4.85177014682353,32.2936676020068,50,2008,4
"86",2009-04-16,4.64503260613473,32.3741044062326,50,2009,4
"87",2010-04-20,5.64986658381496,31.7672307838107,50,2010,4
"88",2011-04-21,5.46428820035612,32.0861186731209,50,2011,4
"89",2012-04-19,6.79886572785627,32.4259992024196,50,2012,4
"90",2013-04-17,5.45781141570632,32.5863560061224,50,2013,4
"91",2014-04-23,5.41023535584647,32.6892750427138,50,2014,4
"92",2015-04-22,4.88110996223688,32.7063691179021,50,2015,4
"93",2017-04-20,5.61943919309496,32.5376361194257,50,2017,4
"94",2018-04-15,4.82846028501904,31.9984025026187,50,2018,4
"95",2019-04-17,5.05585656620708,32.3212600762504,50,2019,4
"96",1976-05-19,7.7296102776999,32.5094720080792,50,1976,5
"97",1978-05-28,6.59486012378715,31.6202738274832,50,1978,5
"98",1979-05-21,6.31508401374189,31.9939648437527,50,1979,5
"99",1984-05-18,5.41246450096981,32.2903535481927,50,1984,5
"100",1985-05-10,4.3949310855739,32.0605124387189,50,1985,5
"101",1987-05-18,6.11732002258301,32.3157120742798,50,1987,5
"102",1989-05-23,7.05201825696606,32.5309742029696,50,1989,5
"103",1992-05-21,5.36787718639039,31.0471825700057,50,1992,5
"104",1995-05-15,4.94385601781663,32.3019171383916,50,1995,5
"105",1996-05-15,5.91665332730611,32.1832840194702,50,1996,5
"106",1997-05-22,6.61666244620274,32.2600248378612,50,1997,5
"107",1998-05-19,5.97092468108998,31.8162312664306,50,1998,5
"108",1999-05-25,7.21588732115524,32.1385104994447,50,1999,5
"109",2000-05-06,6.10510217110168,31.9983926551812,50,2000,5
"110",2001-05-02,3.97725904706522,32.1962433908003,50,2001,5
"111",2002-05-29,8.6528571673802,32.6767550098653,50,2002,5
"112",2003-05-28,6.47343204884929,32.6589565589149,50,2003,5
"113",2004-05-12,5.7642014517774,32.5963534131363,50,2004,5
"114",2005-05-10,6.16118199889146,31.9856053639269,50,2005,5
"115",2006-05-13,6.98309716002674,32.400033238385,50,2006,5
"116",2007-05-29,6.68075883529683,32.1180260667534,50,2007,5
"117",2008-05-07,6.19256827950072,32.4150384355838,50,2008,5
"118",2009-05-03,5.24009374169354,32.1386259123797,50,2009,5
"119",2010-05-01,6.84978856787482,31.4534059306462,50,2010,5
"120",2011-05-07,6.0961847519295,31.6504822322922,50,2011,5
"121",2012-05-06,7.62597091365121,32.6051676669106,50,2012,5
"122",2013-05-04,7.01556160064748,32.3628801210015,50,2013,5
"123",2014-05-21,7.11579470129164,32.25532890177,50,2014,5
"124",2015-05-12,5.66259026833559,32.5188198800143,50,2015,5
"125",2016-05-24,7.9204717295718,32.457085298399,50,2016,5
"126",2017-05-08,6.30359656116066,32.0194454017822,50,2017,5
"127",2018-05-12,7.11878257961079,32.3837925029624,50,2018,5
"128",2019-05-08,6.01323514483439,32.1757443509797,50,2019,5
"129",1984-06-19,8.17936714778969,32.0352103998559,50,1984,6
"130",1985-06-08,6.62446960675128,32.2482756720852,50,1985,6
"131",1986-06-21,9.3511660351436,32.9225879659408,50,1986,6
"132",1988-06-17,8.16873966481207,32.4860548742008,50,1988,6
"133",1989-06-06,8.33599291016238,32.3031538940499,50,1989,6
"134",1992-06-27,7.90487180612026,31.3283845950396,50,1992,6
"135",1993-06-06,8.23582840400781,32.2722530539028,50,1993,6
"136",1994-06-24,9.06229999228362,32.607449174707,50,1994,6
"137",1995-06-10,7.14855532525584,32.1402492852331,50,1995,6
"138",1996-06-08,6.71432571182412,31.785685620338,50,1996,6
"139",1997-06-28,8.50193157351905,32.1776309756242,50,1997,6
"140",1998-06-11,7.68326620675317,31.5877821525883,50,1998,6
"141",1999-06-14,9.02486168615071,32.2342139716073,50,1999,6
"142",2000-06-05,8.34192984858851,32.2273277314171,50,2000,6
"143",2001-06-03,6.6002431742744,32.0693231100317,50,2001,6
"144",2002-06-03,8.16095533323503,32.4092573564462,50,2002,6
"145",2004-06-05,6.32779286855202,32.2693681118715,50,2004,6
"146",2005-06-05,6.43324836655654,31.7403566439952,50,2005,6
"147",2006-06-11,8.28602549160614,32.1033725119866,50,2006,6
"148",2007-06-02,6.82903748787762,32.4227673761681,50,2007,6
"149",2009-06-10,8.12443692372744,32.2781849481301,50,2009,6
"150",2010-06-10,8.80581276388823,31.944778032114,50,2010,6
"151",2011-06-15,8.76505998327423,31.731983020348,50,2011,6
"152",2012-06-15,10.33442066628,32.6562783334566,50,2012,6
"153",2013-06-13,9.05610861555732,32.0823538569872,50,2013,6
"154",2015-06-05,7.75698506623324,32.4614973624019,50,2015,6
"155",2016-06-07,8.86216872896101,32.0819123723635,50,2016,6
"156",2017-06-04,7.54370848930677,31.962683670076,50,2017,6
"157",2018-06-06,8.5482952383819,32.0795464926415,50,2018,6
"158",2019-06-03,7.40736810401832,32.0739635218373,50,2019,6
"159",1978-07-17,9.86154394354296,31.8545248894008,50,1978,7
"160",1985-07-11,10.6388884429371,32.6312566622566,50,1985,7
"161",1987-07-30,10.6951171262718,32.1259809199881,50,1987,7
"162",1988-07-04,9.25060143651226,32.5998054417563,50,1988,7
"163",1991-07-27,9.73722323748709,32.0432435069463,50,1991,7
"164",1992-07-21,8.21094527395073,31.6080928053435,50,1992,7
"165",1993-07-25,9.8397485226075,31.9911644300933,50,1993,7
"166",1994-07-26,10.8413869782372,32.1873897061793,50,1994,7
"167",1995-07-19,10.9648015249239,32.4339692324497,50,1995,7
"168",1996-07-02,6.28254592376874,31.846614415594,50,1996,7
"169",1997-07-14,10.6086460405575,31.5104915111005,50,1997,7
"170",1998-07-11,8.16753964272811,31.785364062692,50,1998,7
"171",1999-07-11,10.7941384646747,32.6320143208476,50,1999,7
"172",2000-07-11,10.4058974150116,32.5008070934103,50,2000,7
"173",2001-07-17,8.99066732199408,32.0582037008723,50,2001,7
"174",2002-07-09,10.2903645893508,32.6647715144177,50,2002,7
"175",2003-07-05,8.74083695116484,32.4997523207542,50,2003,7
"176",2004-07-14,7.32411227808598,32.154272836768,50,2004,7
"177",2005-07-08,8.34020073564542,32.1784190993899,50,2005,7
"178",2006-07-11,10.7267261072703,32.4493004154485,50,2006,7
"179",2007-07-17,8.82115354139862,32.1876349566357,50,2007,7
"180",2008-07-11,9.99973309129995,32.4485908468981,50,2008,7
"181",2009-07-18,10.400940355884,31.4677132913709,50,2009,7
"182",2010-07-12,10.4001222143577,32.1996449685529,50,2010,7
"183",2011-07-11,9.58125433029693,31.954627025876,50,2011,7
"184",2012-07-12,12.4053319240814,32.7390580525494,50,2012,7
"185",2013-07-08,10.0481268531474,32.4472131029313,50,2013,7
"186",2014-07-23,8.98445878793083,32.2349824485195,50,2014,7
"187",2016-07-27,17.7543999290466,33.8820798492432,50,2016,7
"188",2018-07-04,11.3371499633789,32.2534000492096,50,2018,7
"189",1976-08-21,12.7546243004728,32.6345429594458,50,1976,8
"190",1979-08-09,11.599927332715,32.9240186442748,50,1979,8
"191",1982-08-18,11.1754111366802,32.771642665863,50,1982,8
"192",1986-08-12,12.0982512378693,32.713181713502,50,1986,8
"193",1987-08-03,10.1782505112974,32.1518140605574,50,1987,8
"194",1991-08-09,9.55185252037458,31.8029411833541,50,1991,8
"195",1992-08-10,9.27139718309773,31.9260104025281,50,1992,8
"196",1993-08-09,9.4322013719605,31.7787129835262,50,1993,8
"197",1994-08-07,11.6816897889384,32.6918288980212,50,1994,8
"198",1995-08-20,11.4451498901812,32.0400826583104,50,1995,8
"199",1996-08-20,10.1363335822515,31.9727336835071,50,1996,8
"200",1997-08-11,11.207680319138,31.8057894458793,50,1997,8
"201",1998-08-18,9.27836346708385,31.9626286006168,50,1998,8
"202",1999-08-18,11.9965861281718,32.7934898873924,50,1999,8
"203",2000-08-21,12.2533992844558,32.5038364586962,50,2000,8
"204",2001-08-18,10.5072608414392,32.0487859062665,50,2001,8
"205",2002-08-24,12.8710628340537,32.638305401575,50,2002,8
"206",2003-08-23,11.4899085964941,32.064359419493,50,2003,8
"207",2004-08-24,10.1750065130134,32.204864449165,50,2004,8
"208",2005-08-18,10.9009667126936,31.854297364226,50,2005,8
"209",2006-08-22,12.0415766905813,32.370378006971,50,2006,8
"210",2007-08-20,10.6466830312864,32.3636077305114,50,2007,8
"211",2008-08-21,11.521221537576,32.316275402155,50,2008,8
"212",2009-08-27,13.0368156308656,32.3164703338476,50,2009,8
"213",2010-08-21,12.3130883177932,32.2542091373869,50,2010,8
"214",2012-08-21,13.6676723849873,32.4765576903779,50,2012,8
"215",2013-08-23,11.6376911777482,32.5972426039289,50,2013,8
"216",2016-08-17,13.7090419826007,32.4840148389722,50,2016,8
"217",2019-08-26,12.4718159747545,32.2247994093582,50,2019,8
"218",1978-09-15,11.5153687697164,32.020067291812,50,1978,9
"219",1986-09-02,13.9202091304305,32.7420063891442,50,1986,9
"220",1987-09-12,11.2802208714549,32.2940121032934,50,1987,9
"221",1990-09-19,11.5437668448366,32.6799547080032,50,1990,9
"222",1992-09-03,9.76043269120277,32.3036202847788,50,1992,9
"223",1993-09-19,11.4350682403434,31.9153396787756,50,1993,9
"224",1994-09-09,15.788325668356,31.7409905647322,50,1994,9
"225",1995-09-15,12.092178293795,32.2244574440317,50,1995,9
"226",1996-09-24,10.8696382469991,31.677269272034,50,1996,9
"227",1997-09-12,11.8808127374506,32.0344324604523,50,1997,9
"228",1998-09-06,10.2822645693053,31.5915206208279,50,1998,9
"229",1999-09-17,13.6592166947629,32.8905427943114,50,1999,9
"230",2000-09-24,14.0000500159889,32.5202822747841,50,2000,9
"231",2001-09-14,11.8884896437145,32.1801010213646,50,2001,9
"232",2002-09-16,13.7530439327813,32.6310283690464,50,2002,9
"233",2003-09-16,11.936953111821,32.3884042448497,50,2003,9
"234",2004-09-17,11.511427146118,32.1553740457695,50,2004,9
"235",2005-09-20,11.9227539665737,31.8685623560658,50,2005,9
"236",2006-09-17,12.9135105184523,32.268978507989,50,2006,9
"237",2007-09-08,11.2652666266759,32.06991994222,50,2007,9
"238",2008-09-19,12.7362554276263,32.3000956281206,50,2008,9
"239",2009-09-22,12.9798537590744,32.2342130684865,50,2009,9
"240",2010-09-20,13.6988182969626,32.0271243528229,50,2010,9
"241",2011-09-16,13.3888792851973,31.9545438830203,50,2011,9
"242",2012-09-20,13.9165118205293,32.6447506186568,50,2012,9
"243",2013-09-02,11.9650039964676,32.6811252788544,50,2013,9
"244",2014-09-10,13.5660644827375,32.4182097587364,50,2014,9
"245",2015-09-29,12.5310914451699,32.3142585506484,50,2015,9
"246",1979-10-20,12.3305572174168,33.6798342485185,50,1979,10
"247",1981-10-28,10.2403524235869,32.1033960933883,50,1981,10
"248",1988-10-10,12.2652652272172,32.4670705404,50,1988,10
"249",1990-10-12,12.5720706395562,32.4415694642617,50,1990,10
"250",1991-10-15,11.5350069956563,32.3894047260105,50,1991,10
"251",1992-10-22,10.4138647181945,32.1492830563987,50,1992,10
"252",1993-10-15,10.882618556033,32.4382234891884,50,1993,10
"253",1994-10-19,11.9153963353097,32.7301760019205,50,1994,10
"254",1995-10-16,11.9759370558738,32.4753532944952,50,1995,10
"255",1996-10-18,11.0167878341498,31.9829237143775,50,1996,10
"256",1997-10-20,11.1606807033317,32.3979985301567,50,1997,10
"257",1998-10-24,9.96633158881719,32.0252899555124,50,1998,10
"258",1999-10-23,12.1825975282304,33.105307619259,50,1999,10
"259",2000-10-11,12.3221735311457,32.62586091367,50,2000,10
"260",2001-10-13,11.8146087914867,32.3540279297456,50,2001,10
"261",2002-10-18,12.8104309622657,32.9017200871815,50,2002,10
"262",2003-10-17,11.3396343777986,32.660027637573,50,2003,10
"263",2004-10-18,11.1946002732352,32.1286664418374,50,2004,10
"264",2005-10-18,11.7865547534861,32.2159421926415,50,2005,10
"265",2006-10-13,12.4106104184925,32.4769676279313,50,2006,10
"266",2007-10-20,11.1589976758851,32.4698648215395,50,2007,10
"267",2008-10-15,11.8218272549108,32.2731731149774,50,2008,10
"268",2009-10-13,12.1048232943006,32.0757454606557,50,2009,10
"269",2010-10-18,11.9447327707461,32.5138786322885,50,2010,10
"270",2011-10-13,12.956647464145,31.9991572902151,50,2011,10
"271",2012-10-12,13.44063229563,33.0505135407584,50,2012,10
"272",2013-10-16,12.2951151396872,32.6627103973432,50,2013,10
"273",2014-10-25,12.9358677882935,32.6787241612778,50,2014,10
"274",2015-10-22,12.5187180609173,32.6785395355292,50,2015,10
"275",2016-10-20,13.7192792469277,32.6812679963647,50,2016,10
"276",2017-10-24,13.4456146747643,32.3403678954083,50,2017,10
"277",2018-10-12,13.8605809157874,32.244482646219,50,2018,10
"278",2019-10-27,12.9375065073797,32.188147542319,50,2019,10
"279",1987-11-25,8.43156385681846,32.2191519199718,50,1987,11
"280",1988-11-06,9.58547771248504,32.4634669575198,50,1988,11
"281",1989-11-09,10.5709472670965,32.3926814471834,50,1989,11
"282",1990-11-02,11.1144470220231,32.5188643885263,50,1990,11
"283",1991-11-07,10.5084013890948,32.0990173225634,50,1991,11
"284",1993-11-05,10.1387968002669,32.140012586777,50,1993,11
"285",1994-11-11,10.9428532091264,32.9357806353415,50,1994,11
"286",1995-11-25,9.95422405350301,32.5153777105739,50,1995,11
"287",1996-11-09,10.1100905916708,31.904938825115,50,1996,11
"288",1997-11-08,10.1747921156843,31.6495339066062,50,1997,11
"289",1998-11-10,8.563018831808,31.9529754682516,50,1998,11
"290",1999-11-09,10.6307900586114,32.7577184671515,50,1999,11
"291",2000-11-13,10.4511680670921,32.4231664096321,50,2000,11
"292",2001-11-13,9.55100300977361,32.7877280600128,50,2001,11
"293",2002-11-12,10.7502916595341,33.0057465649849,50,2002,11
"294",2003-11-11,10.2569283886972,32.6554893724158,50,2003,11
"295",2004-11-14,8.99808372083676,32.0828631340495,50,2004,11
"296",2005-11-10,10.2356296832158,32.0773217425812,50,2005,11
"297",2006-11-11,10.6043777633477,32.8304188769235,50,2006,11
"298",2007-11-10,9.94294874727196,32.510408514272,50,2007,11
"299",2008-11-07,10.6415110095371,32.4106060453339,50,2008,11
"300",2009-11-12,10.6182814272333,32.4172399392356,50,2009,11
"301",2010-11-14,10.4730600953711,32.7801080076625,50,2010,11
"302",2011-11-11,10.8313934936962,32.1967926109981,50,2011,11
"303",2012-11-04,12.2930662435708,32.817768345187,50,2012,11
"304",2013-11-14,10.4426481437694,32.8564643903441,50,2013,11
"305",2014-11-08,11.7321223424249,33.0953251631509,50,2014,11
"306",2015-11-03,11.513970619385,32.8577393757831,50,2015,11
"307",2016-11-05,12.2158380005706,32.8506887515481,50,2016,11
"308",2017-11-09,11.859313517208,32.6396860312666,50,2017,11
"309",2018-11-04,11.3464473818301,32.5850839656347,50,2018,11
"310",2019-11-06,11.7631282740106,32.5783022312188,50,2019,11
"311",1988-12-03,7.94938437092195,32.5112036558823,50,1988,12
"312",1989-12-04,7.13419755700364,32.6742946296223,50,1989,12
"313",1990-12-02,8.61385492292288,32.7243472552448,50,1990,12
"314",1991-12-05,8.22956562738526,32.4090177123425,50,1991,12
"315",1992-12-08,7.06237722500032,32.1079267949382,50,1992,12
"316",1993-12-03,8.57466294950223,32.2734381599363,50,1993,12
"317",1994-12-06,9.30714299727459,33.1528774962133,50,1994,12
"318",1995-12-01,9.41841211203424,32.6508258752958,50,1995,12
"319",2003-12-19,6.45250011073562,32.3526106359654,50,2003,12
"320",2010-12-01,9.16271165677236,32.7513987575772,50,2010,12
"321",2011-12-05,9.94662875584644,32.1242499245421,50,2011,12
"322",1979-01-23,4.82856770598011,33.029829680868,100,1979,1
"323",1989-01-12,5.95407318177819,33.1546647672774,100,1989,1
"324",1990-01-08,5.01756501806405,33.220276473693,100,1990,1
"325",1991-01-07,7.10300150280508,33.1658114308264,100,1991,1
"326",1992-01-11,6.71648258491267,32.5825031911917,100,1992,1
"327",1993-01-09,6.22159298271865,32.7486696961318,100,1993,1
"328",1994-01-12,5.51027213687785,32.676606787798,100,1994,1
"329",1995-01-16,7.03146038934092,33.0363842052235,100,1995,1
"330",1996-01-17,6.6241600151062,33.1730841064453,100,1996,1
"331",1997-01-26,5.69785949512589,32.4086342755844,100,1997,1
"332",1998-01-23,5.56489675938237,32.295385322267,100,1998,1
"333",1999-01-22,5.94308367320447,32.7937941563291,100,1999,1
"334",2002-01-26,6.6057390416858,33.0594061924344,100,2002,1
"335",2003-01-25,6.06384410832467,33.3972324265374,100,2003,1
"336",2004-01-26,5.40525711400168,33.4266714695522,100,2004,1
"337",2005-01-29,4.76059162959763,32.3604567228434,100,2005,1
"338",2006-01-27,6.3918881309879,32.9558334216278,100,2006,1
"339",2007-01-30,6.88186933755722,33.223295804141,100,2007,1
"340",1984-02-13,5.73548734863929,32.9416255996441,100,1984,2
"341",1985-02-13,5.21462997353079,32.7086295758474,100,1985,2
"342",1987-02-09,5.55555802584336,33.0184548288868,100,1987,2
"343",1990-02-27,4.81224995613098,33.2984500694275,100,1990,2
"344",1991-02-10,5.62287609843329,33.1078811025918,100,1991,2
"345",1992-02-06,5.22587037272033,32.7162844923115,100,1992,2
"346",1995-02-17,7.06807400067647,33.4812948099772,100,1995,2
"347",1996-02-21,5.75806667725245,33.086690196991,100,1996,2
"348",1997-02-19,5.15922554126153,32.4360108331534,100,1997,2
"349",1998-02-16,5.52516716528721,32.6320458678607,100,1998,2
"350",1999-02-17,6.85371548376794,33.2089307132295,100,1999,2
"351",2000-02-23,5.37730890326116,33.1559644833488,100,2000,2
"352",2001-02-22,5.9044124990447,33.0290152094915,100,2001,2
"353",2002-02-26,6.12001350084941,33.1321966920076,100,2002,2
"354",2003-02-26,5.24278002738953,33.4790700531005,100,2003,2
"355",2004-02-14,4.8078999710083,33.3675,100,2004,2
"356",2005-02-08,4.81529822207004,32.3828838517499,100,2005,2
"357",2006-02-04,8.13725449790657,33.736354458659,100,2006,2
"358",2007-02-03,6.74701787115581,33.2677297967912,100,2007,2
"359",2008-02-13,5.20795471254033,33.1163460559209,100,2008,2
"360",2009-02-10,5.04591612378488,33.0775878397688,100,2009,2
"361",2010-02-16,5.400135661725,32.7936951540715,100,2010,2
"362",2011-02-14,5.55225607166176,32.6009836078046,100,2011,2
"363",2012-02-10,6.84004480747055,32.9698969370721,100,2012,2
"364",2013-02-20,6.07861052600514,33.2298468326587,100,2013,2
"365",2017-02-21,7.29294997760944,33.3815482945715,100,2017,2
"366",1979-03-23,3.71484546396371,33.2489066230958,100,1979,3
"367",1984-03-25,3.93276509885792,33.0959803927547,100,1984,3
"368",1985-03-21,4.69360442432981,32.1315039792842,100,1985,3
"369",1992-03-21,4.64583353971918,32.7565835555935,100,1992,3
"370",1995-03-19,6.46192683067452,33.3775934330947,100,1995,3
"371",1996-03-20,5.70910386052243,33.1339587096774,100,1996,3
"372",1997-03-26,5.08518902816017,32.6176372975,100,1997,3
"373",1998-03-21,4.57509432281367,32.1223348754314,100,1998,3
"374",1999-03-16,6.06983307316767,33.2646281563597,100,1999,3
"375",2004-03-23,4.03483803078054,33.3491875035992,100,2004,3
"376",2007-03-16,5.36493812105223,33.1910267750506,100,2007,3
"377",2008-03-09,4.7323330051155,32.9434498837837,100,2008,3
"378",2009-03-23,4.4239702744059,32.9433761823295,100,2009,3
"379",2010-03-06,5.28792000770569,32.8134002685547,100,2010,3
"380",2011-03-13,5.15181111653646,32.4961242167155,100,2011,3
"381",2012-03-17,6.49661993973684,33.0233003217948,100,2012,3
"382",2013-03-14,6.32471824857924,33.3145788781437,100,2013,3
"383",2014-03-06,5.03478347466538,33.0309461197937,100,2014,3
"384",1984-04-23,4.1493803666594,32.498274998178,100,1984,4
"385",1985-04-07,4.49644366901349,32.6319022889056,100,1985,4
"386",1987-04-12,4.17352114462459,32.7228567125151,100,1987,4
"387",1988-04-15,3.56156355649208,32.9688727799569,100,1988,4
"388",1991-04-11,4.55769350031373,32.7847820899018,100,1991,4
"389",1992-04-11,4.02802249070048,32.6151474844165,100,1992,4
"390",1993-04-23,3.66322964588659,32.4423577539254,100,1993,4
"391",1994-04-19,5.09042989208837,33.1124625323391,100,1994,4
"392",1995-04-20,4.94535715552147,32.7379697970419,100,1995,4
"393",1996-04-21,4.62902635432874,32.5535865442995,100,1996,4
"394",1997-04-17,4.59622979416495,32.5128580401221,100,1997,4
"395",1998-04-13,4.34598138967655,32.1557378398692,100,1998,4
"396",1999-04-17,4.99892335847389,32.7944978268412,100,1999,4
"397",2000-04-18,6.08010440713415,33.0844227728616,100,2000,4
"398",2001-04-21,4.53695945617359,32.5663855496069,100,2001,4
"399",2002-04-19,5.50380565313055,32.868293624785,100,2002,4
"400",2003-04-19,4.27018722456278,32.9172136400808,100,2003,4
"401",2004-04-17,3.67253575199028,32.9185675242848,100,2004,4
"402",2005-04-18,4.05904595751021,32.4038256889057,100,2005,4
"403",2006-04-11,5.27953941734346,32.8834153560812,100,2006,4
"404",2007-04-16,4.52012681970949,32.9362049099899,100,2007,4
"405",2008-04-20,4.56146185698216,32.8372537350362,100,2008,4
"406",2009-04-17,4.84084052616837,33.0407184299606,100,2009,4
"407",2010-04-19,5.13409070651041,32.4854063603022,100,2010,4
"408",2011-04-21,6.03230900383808,32.8539104616502,100,2011,4
"409",2012-04-19,6.33124681680231,32.9660187784796,100,2012,4
"410",2013-04-18,5.96847795379882,33.0171341075069,100,2013,4
"411",2014-04-23,4.94661482349038,33.0341467605255,100,2014,4
"412",2015-04-20,4.8003365646845,33.183892945322,100,2015,4
"413",2017-04-21,5.67095126819235,32.9625563759485,100,2017,4
"414",2019-04-18,5.75160336236287,32.9831201253537,100,2019,4
"415",1976-05-19,6.67122345362197,33.2002927413571,100,1976,5
"416",1978-05-28,3.74389374363059,32.450545032171,100,1978,5
"417",1979-05-21,4.00054299696287,32.7751367917742,100,1979,5
"418",1984-05-18,6.27654015811333,32.999778221441,100,1984,5
"419",1985-05-10,5.21311523779996,32.6387076576812,100,1985,5
"420",1987-05-18,4.56603101229722,32.5647268728312,100,1987,5
"421",1989-05-23,4.5763813939769,33.0174235326297,100,1989,5
"422",1995-05-15,5.70726101239522,32.9878020985921,100,1995,5
"423",1996-05-15,5.58960926379412,32.874411760736,100,1996,5
"424",1997-05-22,5.87394403177149,32.8825059221305,100,1997,5
"425",1998-05-19,5.02272529832395,32.3949371998833,100,1998,5
"426",1999-05-25,5.82195239973068,32.9972982025146,100,1999,5
"427",2000-05-02,5.61684920821576,32.6763714221029,100,2000,5
"428",2001-05-02,4.3191263663552,32.8514884678234,100,2001,5
"429",2002-05-29,6.41539998054504,32.9574801635742,100,2002,5
"430",2003-05-28,5.47597487958357,33.2096096499929,100,2003,5
"431",2004-05-12,3.99762730266788,33.076768865833,100,2004,5
"432",2005-05-10,4.49549080445922,32.307974756597,100,2005,5
"433",2006-05-14,5.35366244832276,32.7448486315618,100,2006,5
"434",2007-05-30,3.7936500120163,32.5656848716736,100,2007,5
"435",2008-05-08,4.54603257740176,32.8449907998829,100,2008,5
"436",2009-05-03,4.49438388547353,32.5955779564307,100,2009,5
"437",2010-05-01,4.89577957174995,32.3609754449671,100,2010,5
"438",2011-05-07,5.28993034092416,32.3920133180561,100,2011,5
"439",2012-05-07,6.50261945228314,32.9815287586388,100,2012,5
"440",2013-05-04,5.62514514378942,32.8226745010011,100,2013,5
"441",2014-05-19,5.58891187602574,32.9026100498755,100,2014,5
"442",2015-05-12,5.17468750996253,33.0185853132399,100,2015,5
"443",2016-05-25,7.26059011255458,33.115169942871,100,2016,5
"444",2017-05-08,5.27792911680369,32.6476802031795,100,2017,5
"445",2018-05-11,6.35706358597332,33.0965470801108,100,2018,5
"446",2019-05-08,5.4676788504758,32.7828547771231,100,2019,5
"447",1984-06-19,6.24301615622996,32.8679440518595,100,1984,6
"448",1985-06-08,6.78813829921237,32.9585177774834,100,1985,6
"449",1986-06-21,6.61074203374665,33.4111668604365,100,1986,6
"450",1988-06-17,6.2072886214905,33.4136122005792,100,1988,6
"451",1989-06-06,4.6398094860827,32.9949785715989,100,1989,6
"452",1993-06-04,8.92412696026256,34.0223824141396,100,1993,6
"453",1994-06-24,7.56567232676219,33.3240248982209,100,1994,6
"454",1995-06-10,6.48419968819957,33.108287843478,100,1995,6
"455",1996-06-08,4.98229300195546,32.3920420167657,100,1996,6
"456",1997-06-28,6.93300175753972,32.9718746764543,100,1997,6
"457",1998-06-11,5.10402543371597,32.3386715189457,100,1998,6
"458",1999-06-15,6.00707546337153,32.7625708935721,100,1999,6
"459",2000-06-04,6.63925884438335,32.8746299135204,100,2000,6
"460",2001-06-03,5.19289554232899,32.7228691183535,100,2001,6
"461",2002-06-03,6.38312586679331,32.9657027370421,100,2002,6
"462",2004-06-05,4.39134393526827,32.8869940729999,100,2004,6
"463",2005-06-06,5.11536485149972,32.4664548004777,100,2005,6
"464",2006-06-11,6.36362446812073,32.8670480628842,100,2006,6
"465",2007-06-02,5.17336717856133,33.0306161909588,100,2007,6
"466",2009-06-09,5.61116630077259,32.9412329270215,100,2009,6
"467",2010-06-10,6.10855456468114,32.6948364630783,100,2010,6
"468",2011-06-15,6.28583169074451,32.5677109853344,100,2011,6
"469",2012-06-15,6.99435002207756,32.870655040741,100,2012,6
"470",2013-06-13,6.1425201978937,32.7407752066391,100,2013,6
"471",2015-06-05,4.91851892559185,32.9267778770973,100,2015,6
"472",2016-06-07,6.48279869344113,32.6495656155062,100,2016,6
"473",2017-06-04,5.75708010289815,32.6968641129936,100,2017,6
"474",2018-06-07,6.58184590386216,32.7835312885372,100,2018,6
"475",2019-06-03,5.98627739028576,32.7907229621681,100,2019,6
"476",1978-07-16,4.80024869065918,32.576637721181,100,1978,7
"477",1985-07-11,6.22096295038859,33.1187944623926,100,1985,7
"478",1987-07-30,5.84742052351588,33.0053152020661,100,1987,7
"479",1988-07-04,7.14893194011115,33.6341786500973,100,1988,7
"480",1991-07-27,6.94365226747969,32.5114050173875,100,1991,7
"481",1992-07-21,5.35180018225031,32.0049175777212,100,1992,7
"482",1993-07-25,5.95984728356959,32.5228857277429,100,1993,7
"483",1994-07-26,7.41028665755378,32.5987198444442,100,1994,7
"484",1995-07-19,7.44701151075571,33.3942918989511,100,1995,7
"485",1996-07-02,4.71751733815584,32.0536465860017,100,1996,7
"486",1997-07-05,7.86772110521793,33.2713173370891,100,1997,7
"487",1998-07-11,5.12346686827466,32.5664978841403,100,1998,7
"488",1999-07-11,8.32565509160967,33.341228961797,100,1999,7
"489",2000-07-11,8.0401020097248,33.2430920964364,100,2000,7
"490",2001-07-15,6.26102331181291,32.7310064714162,100,2001,7
"491",2002-07-09,8.48019174611133,33.458177305443,100,2002,7
"492",2003-07-06,6.76184960184169,33.2145881221599,100,2003,7
"493",2004-07-14,4.88555646710141,32.7381560567861,100,2004,7
"494",2005-07-08,6.62403635853745,33.1133876286088,100,2005,7
"495",2006-07-11,8.4300033006564,33.5000381689992,100,2006,7
"496",2007-07-17,5.9457754924409,32.9296892157142,100,2007,7
"497",2008-07-11,7.25901894254329,33.2502092257632,100,2008,7
"498",2009-07-19,5.88494887314343,32.1834054804369,100,2009,7
"499",2010-07-12,7.46311612052894,33.1583206565736,100,2010,7
"500",2011-07-11,7.3058525767908,32.9207545069598,100,2011,7
"501",2012-07-12,9.58868958799861,33.5241123832733,100,2012,7
"502",2013-07-08,7.86237664914406,33.2889864749324,100,2013,7
"503",2014-07-23,6.95184162744143,32.5404407800714,100,2014,7
"504",2016-07-27,14.1125999832153,35.5166198730469,100,2016,7
"505",2018-07-04,7.63725908994675,33.3196858510104,100,2018,7
"506",1976-08-21,7.57875842831849,33.112256848432,100,1976,8
"507",1979-08-09,8.74038134663451,33.6417717101355,100,1979,8
"508",1982-08-18,7.85415638472817,33.4636418179599,100,1982,8
"509",1986-08-12,7.4875150501838,33.3617536245961,100,1986,8
"510",1987-08-03,5.84593302168619,32.8531378911034,100,1987,8
"511",1991-08-09,5.63355968652273,32.2873442250211,100,1991,8
"512",1992-08-07,6.55593451193801,32.2185211604663,100,1992,8
"513",1993-08-09,5.9692063232539,32.2318827692429,100,1993,8
"514",1994-08-07,9.36059166257336,33.1608366224821,100,1994,8
"515",1995-08-20,7.99155018720155,32.4447150966765,100,1995,8
"516",1996-08-21,7.50432152406521,32.4819526474308,100,1996,8
"517",1997-08-11,6.95221099856782,32.2277703878765,100,1997,8
"518",1998-08-17,6.92005930135157,32.7992036220496,100,1998,8
"519",1999-08-18,8.96229135773762,33.3048633914687,100,1999,8
"520",2000-08-21,7.86631268934017,33.1358688486266,100,2000,8
"521",2001-08-18,6.16917203687414,32.8804327457296,100,2001,8
"522",2002-08-24,8.01020861444214,33.1295186252635,100,2002,8
"523",2003-08-25,6.66442408951944,33.0312842721771,100,2003,8
"524",2004-08-25,5.86052373758271,32.830088745598,100,2004,8
"525",2005-08-19,6.54999168407726,32.676295350441,100,2005,8
"526",2006-08-23,7.98546499182917,33.1611116923103,100,2006,8
"527",2007-08-21,7.04342933794517,33.06702266431,100,2007,8
"528",2008-08-22,6.69284176541425,32.9211162869967,100,2008,8
"529",2009-08-27,7.32647058767431,33.1957682845172,100,2009,8
"530",2010-08-21,7.79552376403995,32.9413220515108,100,2010,8
"531",2012-08-21,9.08860347167426,33.1826479386691,100,2012,8
"532",2013-08-23,8.11832413262334,33.4968082438544,100,2013,8
"533",2016-08-17,8.39837142535618,33.2899943215506,100,2016,8
"534",2019-08-26,7.56838806544168,32.9491335724579,100,2019,8
"535",1978-09-15,5.94761085954272,32.6146977586454,100,1978,9
"536",1986-09-02,8.43922662734985,33.4447463734945,100,1986,9
"537",1987-09-12,6.47964121561847,32.8608638700439,100,1987,9
"538",1990-09-19,8.01553195590609,33.3130849084999,100,1990,9
"539",1993-09-29,5.579999943997,32.339361880688,100,1993,9
"540",1994-09-09,9.95833333333334,32.1665000915527,100,1994,9
"541",1995-09-15,7.01711910737885,32.590430232154,100,1995,9
"542",1996-09-24,6.10060002519406,32.9912375311887,100,1996,9
"543",1997-09-11,8.59770232382406,32.7441491830544,100,1997,9
"544",1998-09-10,6.36368810035016,32.4623945487887,100,1998,9
"545",1999-09-19,10.0613189710084,33.7420728481398,100,1999,9
"546",2000-09-23,8.24280000969216,33.144918108109,100,2000,9
"547",2001-09-14,6.21891279388674,32.7150501607139,100,2001,9
"548",2002-09-17,7.93070135040446,33.0687117135688,100,2002,9
"549",2003-09-16,6.7296659299943,32.9359173678295,100,2003,9
"550",2004-09-17,5.98303516693074,32.8721522640264,100,2004,9
"551",2005-09-20,6.39555265146695,32.4333839379015,100,2005,9
"552",2006-09-17,7.54162110151583,32.8828401446596,100,2006,9
"553",2007-09-09,5.61259997367859,32.9752398681641,100,2007,9
"554",2008-09-18,6.47912387932077,32.9723226645609,100,2008,9
"555",2009-09-22,7.27342779833037,32.9087276844998,100,2009,9
"556",2010-09-20,7.67681540710725,32.8998386477328,100,2010,9
"557",2011-09-17,7.61217582828946,32.6755581238694,100,2011,9
"558",2012-09-20,8.4511850945493,33.165913417221,100,2012,9
"559",2013-09-02,8.54168577773256,33.0924087265629,100,2013,9
"560",2014-09-10,7.55669999885559,33.0760739898682,100,2014,9
"561",2015-09-29,8.38736521730236,32.5348247313032,100,2015,9
"562",1979-10-20,11.7701654417351,34.2844790606359,100,1979,10
"563",1981-10-28,8.81642045013887,33.180960646321,100,1981,10
"564",1988-10-10,7.80717020852846,32.882840313268,100,1988,10
"565",1990-10-12,8.38290894183146,32.9183170390896,100,1990,10
"566",1991-10-15,8.53719191661821,33.0176910260724,100,1991,10
"567",1992-10-22,7.25281136481225,32.7379096584996,100,1992,10
"568",1993-10-16,8.54427973491805,33.1036890386482,100,1993,10
"569",1994-10-19,9.8347662104503,33.2788246841086,100,1994,10
"570",1995-10-16,8.69772415481851,32.9117087526391,100,1995,10
"571",1996-10-19,8.37692272394336,32.8680540651337,100,1996,10
"572",1997-10-21,8.42159053784128,32.9040496529929,100,1997,10
"573",1998-10-25,7.17034592880329,32.7232056096963,100,1998,10
"574",1999-10-24,10.4482755582983,33.5909222417893,100,1999,10
"575",2000-10-10,8.90252181449941,33.2001628559715,100,2000,10
"576",2001-10-13,7.59175878241327,32.9831478112839,100,2001,10
"577",2002-10-18,9.69758300932838,33.4086793261168,100,2002,10
"578",2003-10-17,7.76915227818614,33.1982548256394,100,2003,10
"579",2004-10-18,7.23006892003154,32.7898563975892,100,2004,10
"580",2005-10-18,8.22739924786536,32.9226452107597,100,2005,10
"581",2006-10-12,9.02707557051326,33.0737898679178,100,2006,10
"582",2007-10-20,7.24004265087493,33.0670899197361,100,2007,10
"583",2008-10-15,8.01886066320728,32.941423404676,100,2008,10
"584",2009-10-13,8.36843391068718,32.7319612790325,100,2009,10
"585",2010-10-18,8.4386733334461,33.0325568454239,100,2010,10
"586",2011-10-12,8.56191273851515,32.7801895862627,100,2011,10
"587",2012-10-12,10.2378966745621,33.5982191276059,100,2012,10
"588",2013-10-14,9.24501652921847,33.4580086218173,100,2013,10
"589",2014-10-26,8.53606858515175,33.3344816834527,100,2014,10
"590",2015-10-21,9.19970155748563,33.2452046639687,100,2015,10
"591",2016-10-20,10.251005920526,33.2108655728878,100,2016,10
"592",2017-10-24,10.1288071961536,33.2233208718062,100,2017,10
"593",2018-10-16,8.96480607276776,32.8650367521914,100,2018,10
"594",2019-10-27,9.89238163481342,32.8952702549336,100,2019,10
"595",1987-11-25,6.45119996070862,32.6633200836182,100,1987,11
"596",1988-11-06,7.50620103878511,32.9355337589937,100,1988,11
"597",1989-11-10,7.70755610375521,33.0361593739765,100,1989,11
"598",1990-11-02,8.9334304918187,33.1147522380398,100,1990,11
"599",1991-11-07,9.20748332854965,32.6166619115211,100,1991,11
"600",1993-11-05,7.49120499918719,32.6014416492447,100,1993,11
"601",1994-11-11,9.6132285667601,33.3026285443987,100,1994,11
"602",1995-11-25,9.54494270687505,33.3734992327792,100,1995,11
"603",1996-11-09,8.78238814782891,32.5923946540211,100,1996,11
"604",1997-11-08,6.88297203784086,32.660248397905,100,1997,11
"605",1998-11-10,7.09868350134623,32.7065721118029,100,1998,11
"606",1999-11-10,8.67881341593672,33.2291365903658,100,1999,11
"607",2000-11-13,9.55535094459362,33.1718370224812,100,2000,11
"608",2001-11-13,8.27477821101643,33.1019148885768,100,2001,11
"609",2002-11-12,9.7610202798366,33.3655643626297,100,2002,11
"610",2003-11-11,8.30117666292191,33.4821537183126,100,2003,11
"611",2004-11-14,7.47804873910622,32.6963574245303,100,2004,11
"612",2005-11-10,8.21569101341989,32.7611606692693,100,2005,11
"613",2006-11-12,9.57213260762654,33.31057737061,100,2006,11
"614",2007-11-10,7.53445245119228,33.0339776623501,100,2007,11
"615",2008-11-07,8.43387156188333,32.9373193158689,100,2008,11
"616",2009-11-12,9.31726468520341,32.9940473399165,100,2009,11
"617",2010-11-15,9.66542097105865,33.2223231557939,100,2010,11
"618",2011-11-11,9.61741931622807,32.9933730751574,100,2011,11
"619",2012-11-04,10.6779715347295,33.5143029709574,100,2012,11
"620",2013-11-14,9.62038973217583,33.3818426433111,100,2013,11
"621",2014-11-08,10.7789372198427,33.5878599781838,100,2014,11
"622",2015-11-02,10.1354409272866,33.3023298369641,100,2015,11
"623",2016-11-05,10.9751105415748,33.3944471519572,100,2016,11
"624",2017-11-09,9.58248998606321,33.1288929075483,100,2017,11
"625",2018-11-05,10.6449755058483,33.43454882758,100,2018,11
"626",2019-11-06,10.3441490441423,33.1294748559025,100,2019,11
"627",1988-12-03,7.63999348500714,33.0158762532131,100,1988,12
"628",1989-12-05,7.11247717493368,33.0162398446213,100,1989,12
"629",1990-12-03,8.44138820846994,33.0879098501567,100,1990,12
"630",1991-12-06,8.81091773362632,32.7716383436259,100,1991,12
"631",1992-12-09,6.991783803355,32.5678019570317,100,1992,12
"632",1993-12-03,7.57276150102176,32.7671231061895,100,1993,12
"633",1994-12-06,9.31781253218651,33.2891248464584,100,1994,12
"634",1995-12-01,9.81976236313108,33.2749013815986,100,1995,12
"635",2003-12-19,8.05216365372051,33.7651308382208,100,2003,12
"636",2010-12-01,9.40884175830936,33.0424902953775,100,2010,12
"637",2011-12-05,9.68279207538687,32.6988752984877,100,2011,12
"638",1979-01-24,5.33216331322988,33.209573097229,150,1979,1
"639",1989-01-13,6.81612962464163,33.5326147265103,150,1989,1
"640",1990-01-08,5.90861652182464,33.5206037477382,150,1990,1
"641",1991-01-07,6.93064558446837,33.4384835492834,150,1991,1
"642",1992-01-12,7.41205861648907,32.874793904011,150,1992,1
"643",1993-01-10,6.56647244991615,32.983887080639,150,1993,1
"644",1994-01-12,6.22067655832892,33.0312049761175,150,1994,1
"645",1995-01-16,7.86764416396478,33.5764979443617,150,1995,1
"646",1996-01-17,8.04606565242127,33.8426842399265,150,1996,1
"647",1997-01-25,7.40414696228819,33.3524458871649,150,1997,1
"648",1998-01-22,6.817314168054,33.1313742039595,150,1998,1
"649",1999-01-21,7.17010748684213,33.5681180019324,150,1999,1
"650",2002-01-26,7.5793390797914,33.6920608682751,150,2002,1
"651",2003-01-25,7.41718255055868,33.5497238585528,150,2003,1
"652",2004-01-26,6.2840055591252,33.7640980098094,150,2004,1
"653",2005-01-29,6.12981486342978,33.021351844593,150,2005,1
"654",2006-01-27,7.53976980466098,33.7447838031235,150,2006,1
"655",2007-01-30,7.72378150421698,33.6753417049803,150,2007,1
"656",1984-02-12,8.16478756296369,34.1910010564959,150,1984,2
"657",1985-02-14,7.11743578653379,33.4372060233845,150,1985,2
"658",1987-02-09,6.7022075325748,33.4557264817788,150,1987,2
"659",1990-02-27,5.1830773205852,33.4051811016933,150,1990,2
"660",1991-02-10,6.11430374314151,33.3001926258053,150,1991,2
"661",1992-02-06,5.8330054698113,32.8841079350067,150,1992,2
"662",1995-02-17,7.52406037094165,33.8237101194541,150,1995,2
"663",1996-02-22,7.68782776282815,33.9014060701856,150,1996,2
"664",1997-02-19,7.07797774098607,33.3610700024288,150,1997,2
"665",1998-02-16,5.67388256072818,32.8130202663934,150,1998,2
"666",1999-02-17,8.71281833729885,34.0274095119893,150,1999,2
"667",2000-02-24,6.39332958015741,33.5044346399698,150,2000,2
"668",2001-02-22,6.18984163469738,33.1468917104933,150,2001,2
"669",2002-02-27,6.30659801352258,33.245127734016,150,2002,2
"670",2003-02-26,5.24491558887926,33.4793045585658,150,2003,2
"671",2004-02-14,4.84459529604231,33.3882856823149,150,2004,2
"672",2005-02-07,5.64663103508846,33.0238981359145,150,2005,2
"673",2006-02-04,9.52130239150103,34.2589636730547,150,2006,2
"674",2007-02-03,7.99596760480246,33.8720755037517,150,2007,2
"675",2008-02-14,6.13709501034088,33.501377817748,150,2008,2
"676",2009-02-10,6.29774539927138,33.569557414125,150,2009,2
"677",2010-02-16,6.48656331310468,33.1677637200971,150,2010,2
"678",2011-02-14,8.14334390375129,33.6425003303284,150,2011,2
"679",2012-02-09,8.0661923118546,33.7228684316221,150,2012,2
"680",2013-02-20,7.28281934851603,33.5791344846505,150,2013,2
"681",2017-02-21,8.49035060421314,33.8334932222197,150,2017,2
"682",1979-03-23,4.23283374896125,33.4272735182444,150,1979,3
"683",1984-03-25,5.4066557254913,33.705833763426,150,1984,3
"684",1985-03-21,7.17907799756578,32.6737398961734,150,1985,3
"685",1992-03-21,4.82084350095765,32.8180531831195,150,1992,3
"686",1995-03-19,7.71675522881659,33.8494912034972,150,1995,3
"687",1996-03-19,8.35042335881906,34.224786643251,150,1996,3
"688",1997-03-25,7.29982135142463,33.5527876976988,150,1997,3
"689",1998-03-18,5.68597877290909,32.7638744848334,150,1998,3
"690",1999-03-17,7.47112321797526,33.9238717088705,150,1999,3
"691",2004-03-23,4.50277639911268,33.4769988628441,150,2004,3
"692",2007-03-22,6.6402941124112,33.9004707336426,150,2007,3
"693",2008-03-08,5.97248054047722,33.4744220097779,150,2008,3
"694",2009-03-23,4.86233329772949,33.1063334147135,150,2009,3
"695",2010-03-06,5.66805880677466,32.939588135364,150,2010,3
"696",2011-03-13,6.46610019025707,32.9913401309524,150,2011,3
"697",2012-03-18,7.53314679349034,33.6000113836369,150,2012,3
"698",2013-03-14,7.43590286153834,33.7381904142295,150,2013,3
"699",2014-03-06,6.84111642041344,33.6520697362314,150,2014,3
"700",1984-04-23,6.16205256116344,33.3760354426721,150,1984,4
"701",1985-04-07,6.40179537097205,33.4935919764238,150,1985,4
"702",1987-04-13,5.09510141344747,33.1556645274643,150,1987,4
"703",1988-04-15,4.96079740385042,33.4814447862574,150,1988,4
"704",1991-04-11,5.45706337708281,33.2373696555872,150,1991,4
"705",1992-04-11,5.68992008938804,33.2655183447216,150,1992,4
"706",1993-04-22,4.8060413885835,32.9757384136638,150,1993,4
"707",1994-04-18,6.28981036695253,33.6091905265647,150,1994,4
"708",1995-04-19,6.60839904492133,33.4815971437423,150,1995,4
"709",1996-04-22,6.14018937338829,33.2473477411279,150,1996,4
"710",1997-04-17,6.25622092501045,33.2522894534023,150,1997,4
"711",1998-04-14,5.6369647358904,32.9541267007451,150,1998,4
"712",1999-04-17,6.14954066800932,33.4034499219904,150,1999,4
"713",2000-04-20,7.16237705087325,33.7110604473745,150,2000,4
"714",2001-04-21,5.87525425581515,33.2262664190906,150,2001,4
"715",2002-04-18,6.48349545276368,33.4129946282118,150,2002,4
"716",2003-04-18,5.30253923237823,33.3349763756471,150,2003,4
"717",2004-04-16,4.58055706376815,33.3411067197179,150,2004,4
"718",2005-04-18,4.92449419774391,32.865912872808,150,2005,4
"719",2006-04-10,6.73843956897871,33.5839494127696,150,2006,4
"720",2007-04-15,5.45244920924754,33.3888198123503,150,2007,4
"721",2008-04-19,5.71439457776112,33.439865349453,150,2008,4
"722",2009-04-17,5.92200646685602,33.601720379052,150,2009,4
"723",2010-04-18,6.24382994037512,33.1057632062445,150,2010,4
"724",2011-04-21,7.72310749744125,33.7908696936409,150,2011,4
"725",2012-04-17,7.31819796232574,33.575760627113,150,2012,4
"726",2013-04-18,7.17244130784436,33.5940029555018,150,2013,4
"727",2014-04-23,5.18059219089209,33.3029458700442,150,2014,4
"728",2015-04-19,6.13564261746661,33.6875599937447,150,2015,4
"729",2017-04-21,7.41095587844942,33.710118859422,150,2017,4
"730",2019-04-19,7.97678490162963,33.9427802131609,150,2019,4
"731",1976-05-19,7.21111960986058,33.6478756591448,150,1976,5
"732",1978-05-28,4.2853959997667,32.9386709464818,150,1978,5
"733",1979-05-21,4.08348667780558,33.0444473266601,150,1979,5
"734",1984-05-18,6.92989951619237,33.3933557592823,150,1984,5
"735",1985-05-10,6.70485820835058,33.3900321824399,150,1985,5
"736",1987-05-18,4.53705886766022,32.888808133915,150,1987,5
"737",1989-05-23,4.50836546684605,33.193657670985,150,1989,5
"738",1995-05-15,7.37131296795778,33.7599360386315,150,1995,5
"739",1996-05-16,6.75995929622007,33.5648456658159,150,1996,5
"740",1997-05-22,6.93323250983977,33.4805478020354,150,1997,5
"741",1998-05-19,5.58337509815539,33.0583308433934,150,1998,5
"742",1999-05-25,7.78289847573424,33.8761304101724,150,1999,5
"743",2000-05-02,5.77229098220165,33.1172573702008,150,2000,5
"744",2001-05-02,5.29201173104492,33.2821572041979,150,2001,5
"745",2002-05-29,6.0924242626537,33.0349392746434,150,2002,5
"746",2003-05-28,6.49090392521895,33.7793996977657,150,2003,5
"747",2004-05-13,4.10594340646017,33.2767660444336,150,2004,5
"748",2005-05-10,4.41711575339308,32.5478878586434,150,2005,5
"749",2006-05-14,5.3880467027462,32.9568976996243,150,2006,5
"750",2007-05-30,4.80687257164664,33.0933942215896,150,2007,5
"751",2008-05-10,4.7726646489174,33.0619066562045,150,2008,5
"752",2009-05-03,5.26345188470544,33.1405762970868,150,2009,5
"753",2010-05-01,5.70973857555514,32.8767843308792,150,2010,5
"754",2011-05-06,6.70947168203256,33.1645076454259,150,2011,5
"755",2012-05-07,6.95657275216049,33.3798649787157,150,2012,5
"756",2013-05-04,6.11247474938699,33.1854243791947,150,2013,5
"757",2014-05-18,6.16256036778535,33.406552858949,150,2014,5
"758",2015-05-12,5.9930524506694,33.4930218214337,150,2015,5
"759",2016-05-25,8.02003089831242,33.7319189284422,150,2016,5
"760",2017-05-07,6.1490142891907,33.1025622886388,150,2017,5
"761",2018-05-11,7.4232118821287,33.7493617729279,150,2018,5
"762",2019-05-08,6.65420044957938,33.3471621688656,150,2019,5
"763",1984-06-19,6.86747494500467,33.5296455621797,150,1984,6
"764",1985-06-08,8.69330893712564,NA,150,1985,6
"765",1986-06-21,6.72858121814124,33.8484837192133,150,1986,6
"766",1988-06-17,7.59323510094714,34.3665476103671,150,1988,6
"767",1989-06-07,4.56351398818518,33.1934663141009,150,1989,6
"768",1993-06-04,9.83729177947138,34.8088122536154,150,1993,6
"769",1994-06-23,7.72415850444099,33.9135193134451,150,1994,6
"770",1995-06-11,8.28412340912719,34.1126345403764,150,1995,6
"771",1996-06-07,6.1766536856607,33.2292331340803,150,1996,6
"772",1997-06-27,7.57793383960212,33.6622168060303,150,1997,6
"773",1998-06-12,6.06457948608735,33.3384959769429,150,1998,6
"774",1999-06-15,6.58228335576639,33.5225181604903,150,1999,6
"775",2000-06-04,6.85630284468947,33.5054525421634,150,2000,6
"776",2001-06-03,6.234342711698,33.3759317300228,150,2001,6
"777",2002-06-03,6.98143806461605,33.6016134496843,150,2002,6
"778",2004-06-05,5.15668370398595,33.4099363451192,150,2004,6
"779",2005-06-06,5.78707445402424,33.1795015891709,150,2005,6
"780",2006-06-11,7.32027466668537,33.7137071102591,150,2006,6
"781",2007-06-02,6.00540220112541,33.6046882642348,150,2007,6
"782",2009-06-08,6.3793658121836,33.6975275523522,150,2009,6
"783",2010-06-07,7.02138378224136,33.4044587355661,150,2010,6
"784",2011-06-14,7.24052736516446,33.5008830469175,150,2011,6
"785",2012-06-15,6.81797379060508,33.0713085723079,150,2012,6
"786",2013-06-13,6.49810967560993,33.2210135591798,150,2013,6
"787",2015-06-06,5.47475979614974,33.4008925881538,150,2015,6
"788",2016-06-07,7.00061142526698,33.2540750554261,150,2016,6
"789",2017-06-03,7.00289825625632,33.4283105701894,150,2017,6
"790",2018-06-03,6.98613106442088,33.5213966042984,150,2018,6
"791",2019-06-02,7.21851317591364,33.5048081450244,150,2019,6
"792",1978-07-16,4.78309713800748,33.1489790810479,150,1978,7
"793",1985-07-11,6.17932723655768,33.5132438667076,150,1985,7
"794",1987-07-30,6.95126243206984,33.8344312062706,150,1987,7
"795",1988-07-04,7.82968435832041,34.3955403103834,150,1988,7
"796",1991-07-27,6.24918575293369,33.082044853722,150,1991,7
"797",1992-07-26,4.35313297547786,32.4019276016471,150,1992,7
"798",1993-07-24,5.81237193994448,33.1458133974249,150,1993,7
"799",1994-07-27,5.92722928479817,33.0107641238518,150,1994,7
"800",1995-07-17,8.2501007322707,34.1852489059582,150,1995,7
"801",1996-07-04,5.85566005706787,33.0137992858887,150,1996,7
"802",1997-07-04,8.38340186070995,34.0702169047144,150,1997,7
"803",1998-07-11,5.94528776713038,33.5313467119836,150,1998,7
"804",1999-07-11,8.47414900894473,34.0088193152965,150,1999,7
"805",2000-07-12,8.30334434079821,33.8702787684742,150,2000,7
"806",2001-07-14,6.79371476844622,33.686225288546,150,2001,7
"807",2002-07-10,8.64168516155877,34.0962380590718,150,2002,7
"808",2003-07-06,7.60995896146674,33.9508618037245,150,2003,7
"809",2004-07-14,6.10664392597453,33.6410693832958,150,2004,7
"810",2005-07-08,7.37759417197784,33.8066808149713,150,2005,7
"811",2006-07-11,8.4955768616687,34.152368328592,150,2006,7
"812",2007-07-17,6.39004111876462,33.5997716362884,150,2007,7
"813",2008-07-12,7.61250117252485,33.9429303636197,150,2008,7
"814",2010-07-13,8.31487534947101,33.9044844218718,150,2010,7
"815",2011-07-12,8.25645216955485,33.9726535507118,150,2011,7
"816",2012-07-14,9.46960531063801,34.2394427637715,150,2012,7
"817",2013-07-07,8.65490417734101,34.1618862649361,150,2013,7
"818",2014-07-24,5.70090902935375,32.8244998238303,150,2014,7
"819",2016-07-27,13.4141176448149,35.6623725143133,150,2016,7
"820",2018-07-04,8.71285946774327,34.226310909184,150,2018,7
"821",1976-08-21,7.32521209510875,33.7238116869839,150,1976,8
"822",1979-08-09,9.31230819508738,34.4888325797621,150,1979,8
"823",1982-08-18,8.25719287804195,34.1894050134931,150,1982,8
"824",1986-08-11,7.07151258588577,33.8021556387139,150,1986,8
"825",1987-08-02,6.23022846653341,33.4681002897366,150,1987,8
"826",1991-08-07,5.32361782275565,32.4596544798151,150,1991,8
"827",1992-08-10,6.7027293192428,33.1630108344787,150,1992,8
"828",1993-08-02,4.41491291063305,32.6007759058552,150,1993,8
"829",1994-08-02,8.10946075900707,34.0600995830461,150,1994,8
"830",1995-08-21,7.56076320460255,33.0658251399084,150,1995,8
"831",1996-08-23,6.73585767557611,33.2234658373383,150,1996,8
"832",1997-08-05,6.50380783815289,33.0974309062166,150,1997,8
"833",1998-08-18,6.70928749628566,33.4721077192062,150,1998,8
"834",1999-08-22,8.65639508819791,34.1298031430156,150,1999,8
"835",2000-08-24,7.4482683839332,33.7366069617147,150,2000,8
"836",2001-08-17,6.29193507676315,33.5106574539252,150,2001,8
"837",2002-08-25,7.57024300754302,33.6337077798886,150,2002,8
"838",2003-08-25,6.94204949093982,33.7853955552315,150,2003,8
"839",2004-08-28,5.87137989499836,33.5423348209887,150,2004,8
"840",2005-08-20,6.61404638031046,33.4573756237412,150,2005,8
"841",2006-08-25,7.8799739179442,33.846828035321,150,2006,8
"842",2007-08-23,6.77245021874627,33.7999045974485,150,2007,8
"843",2008-08-23,6.3953906729519,33.4792043236224,150,2008,8
"844",2009-08-27,7.02143733162593,33.875485075183,150,2009,8
"845",2010-08-22,7.84237409616206,33.7848095634603,150,2010,8
"846",2012-08-20,8.6591499966243,33.9405734189169,150,2012,8
"847",2013-08-23,8.96543621505443,34.1955320739382,150,2013,8
"848",2016-08-17,8.2100111761013,33.7301479777702,150,2016,8
"849",2019-08-25,8.36329880288003,33.8696626982498,150,2019,8
"850",1978-09-15,5.14150789362012,33.1228277900002,150,1978,9
"851",1986-09-02,8.26256860782897,34.2107582092285,150,1986,9
"852",1987-09-12,6.34156960563435,33.4764087942947,150,1987,9
"853",1990-09-18,8.02810237949017,33.9041972080469,150,1990,9
"854",1995-09-28,5.98756635678805,32.9800461956989,150,1995,9
"855",1996-09-23,7.27245578049615,33.9571473394037,150,1996,9
"856",1997-09-07,8.13914917695682,33.9105945551341,150,1997,9
"857",1998-09-13,6.3881282063033,33.0924360313326,150,1998,9
"858",1999-09-19,10.0131557972632,34.3869630673975,150,1999,9
"859",2000-09-23,7.3920969940486,33.7013567873975,150,2000,9
"860",2001-09-14,6.22373244358967,33.3395361770217,150,2001,9
"861",2002-09-17,7.0550100542924,33.4911515504692,150,2002,9
"862",2003-09-15,6.3519057929982,33.5886899685735,150,2003,9
"863",2004-09-18,5.60239167159647,33.4891183166335,150,2004,9
"864",2005-09-20,6.1317667129032,33.2207975755065,150,2005,9
"865",2006-09-17,6.80508391947216,33.3535873834166,150,2006,9
"866",2007-09-09,5.9043137512955,33.455431545482,150,2007,9
"867",2008-09-18,6.17650917067593,33.5082420515755,150,2008,9
"868",2009-09-21,6.58600879056108,33.6029806045253,150,2009,9
"869",2010-09-20,7.76355469812002,33.7330438118935,150,2010,9
"870",2011-09-17,7.36040896712856,33.4332745844356,150,2011,9
"871",2012-09-20,7.99935755911122,33.7888497778432,150,2012,9
"872",2013-09-02,7.87291579973314,33.4900115857868,150,2013,9
"873",2014-09-10,6.63466042734382,33.4946650799697,150,2014,9
"874",1979-10-20,10.8975477480642,34.8471488612373,150,1979,10
"875",1981-10-28,8.6468888786104,33.1436107423571,150,1981,10
"876",1988-10-10,7.08037616776894,33.6179388643946,150,1988,10
"877",1990-10-06,6.22742287486002,33.3519260999124,150,1990,10
"878",1991-10-14,7.61109094108977,33.5847367276241,150,1991,10
"879",1992-10-21,6.9307285116302,33.4181429915941,150,1992,10
"880",1993-10-15,7.78696590055974,33.6454012180976,150,1993,10
"881",1994-10-18,8.57563834826424,33.9490194091265,150,1994,10
"882",1995-10-16,7.48471005293001,33.3897249818327,150,1995,10
"883",1996-10-19,7.50841476273456,33.7169545556909,150,1996,10
"884",1997-10-20,7.55657624759771,33.431011237702,150,1997,10
"885",1998-10-25,6.47502648356091,33.4535581158797,150,1998,10
"886",1999-10-24,9.81892405958969,34.2065044664961,150,1999,10
"887",2000-10-10,7.8749307438305,33.7422898625092,150,2000,10
"888",2001-10-13,7.11560277443985,33.5966121554181,150,2001,10
"889",2002-10-17,8.42421400166596,33.8391961569692,150,2002,10
"890",2003-10-18,7.16159995393834,33.7695082655009,150,2003,10
"891",2004-10-18,5.9599758680818,33.3998584008425,150,2004,10
"892",2005-10-16,7.46558434002221,33.6406605571413,150,2005,10
"893",2006-10-11,7.66689551614486,33.6081353034022,150,2006,10
"894",2007-10-20,6.66830143709878,33.6408406566887,150,2007,10
"895",2008-10-15,6.957583264407,33.4507873845074,150,2008,10
"896",2009-10-10,6.88017345216257,33.3319841480391,150,2009,10
"897",2010-10-18,7.56547071349277,33.5336946207514,150,2010,10
"898",2011-10-12,7.83496820634776,33.4102688846503,150,2011,10
"899",2012-10-12,9.19274829800731,34.0647316005088,150,2012,10
"900",2013-10-14,9.13624998452007,34.0080442950783,150,2013,10
"901",2014-10-26,7.53070247674964,33.7129942324561,150,2014,10
"902",2015-10-20,7.98170624552774,33.8475449252599,150,2015,10
"903",2016-10-21,8.85596226959939,33.8442540689799,150,2016,10
"904",2017-10-23,9.19650138740112,33.9154820963114,150,2017,10
"905",2018-10-19,7.01210261642631,33.3137305620757,150,2018,10
"906",2019-10-26,8.28236803504458,33.6894164661271,150,2019,10
"907",1987-11-25,5.30340004920959,33.0745003509521,150,1987,11
"908",1988-11-07,6.18273963023671,33.3384448185024,150,1988,11
"909",1989-11-10,6.03328063715205,33.2907621626742,150,1989,11
"910",1990-11-02,6.58162388582695,33.4074205406027,150,1990,11
"911",1991-11-07,7.35879933947011,32.9139117581927,150,1991,11
"912",1993-11-06,6.17976829740391,33.1391657070918,150,1993,11
"913",1994-11-10,7.23736277795305,33.5706307102652,150,1994,11
"914",1995-11-24,9.35502599425947,34.1172961831004,150,1995,11
"915",1996-11-09,7.59919305612497,33.213471114363,150,1996,11
"916",1997-11-08,5.9091391313076,33.0481057008108,150,1997,11
"917",1998-11-11,6.75952347885902,33.4421560550202,150,1998,11
"918",1999-11-11,7.69504260212425,33.668975868129,150,1999,11
"919",2000-11-13,8.84359734102712,33.7864845465792,150,2000,11
"920",2001-11-13,7.48648634129118,33.6834209432723,150,2001,11
"921",2002-11-12,9.26184332940326,34.0158325403743,150,2002,11
"922",2003-11-11,7.98774510686953,34.1277461281435,150,2003,11
"923",2004-11-14,6.53524121421995,33.5054726666515,150,2004,11
"924",2005-11-11,6.99504312976904,33.4821213775728,150,2005,11
"925",2006-11-11,8.44905676216251,33.9026596567653,150,2006,11
"926",2007-11-11,6.6342635748879,33.550511953608,150,2007,11
"927",2008-11-07,6.94178767973993,33.3833896454589,150,2008,11
"928",2009-11-11,7.96879200911129,33.5344609712771,150,2009,11
"929",2010-11-14,9.09496882315411,33.8035597524391,150,2010,11
"930",2011-11-11,8.78837768917781,33.8486368651511,150,2011,11
"931",2012-11-04,9.7190679871698,34.0807203651018,150,2012,11
"932",2013-11-13,8.80344068656425,33.9174171390228,150,2013,11
"933",2014-11-08,9.54424654485614,34.0763591145395,150,2014,11
"934",2015-11-02,8.37000452772132,33.6239557446365,150,2015,11
"935",2016-11-05,9.82361225996822,33.8444894022457,150,2016,11
"936",2017-11-09,8.49259624488256,33.6080534444381,150,2017,11
"937",2018-11-05,9.37626839414446,33.8331362743788,150,2018,11
"938",2019-11-06,8.94235653125208,33.6083592577305,150,2019,11
"939",1988-12-04,6.87232195745852,33.564854773723,150,1988,12
"940",1989-12-06,6.41785705330152,33.411621457046,150,1989,12
"941",1990-12-03,6.96533288970886,33.4404631085654,150,1990,12
"942",1991-12-07,8.61411437866418,33.1152594382817,150,1991,12
"943",1992-12-09,6.30644191157181,33.0049265485521,150,1992,12
"944",1993-12-03,6.67966965201731,33.3891877495775,150,1993,12
"945",1995-12-01,10.2123646717446,34.4000548119638,150,1995,12
"946",2003-12-19,8.80771243026833,34.5245621625115,150,2003,12
"947",2010-12-01,8.74208579579433,33.4614545189485,150,2010,12
"948",2011-12-05,8.72807995552631,33.0657424978062,150,2011,12
"949",1979-01-24,6.12383998870849,33.5582803344727,200,1979,1
"950",1989-01-13,7.10755571368026,34.0745761569005,200,1989,1
"951",1990-01-08,6.03954731867295,33.7892336225879,200,1990,1
"952",1991-01-07,6.25321779034988,33.6200801799172,200,1991,1
"953",1992-01-11,7.39536507462107,33.504498997652,200,1992,1
"954",1993-01-10,6.73226549945759,33.5095369201718,200,1993,1
"955",1994-01-12,6.63466420520867,33.5984141500459,200,1994,1
"956",1995-01-15,8.09130339645673,33.9867596586932,200,1995,1
"957",1996-01-17,9.04997762456853,34.6777706138124,200,1996,1
"958",1997-01-24,8.23381076405323,34.3637303646034,200,1997,1
"959",1998-01-22,7.12218626041043,33.8276715238293,200,1998,1
"960",1999-01-21,7.77175448566672,34.2958167323193,200,1999,1
"961",2002-01-26,8.03562801943648,34.2754594768004,200,2002,1
"962",2003-01-25,8.03803489476866,33.5824999809265,200,2003,1
"963",2004-01-26,7.08161755589382,34.1361084470313,200,2004,1
"964",2005-01-29,6.6126062976221,33.7075771398346,200,2005,1
"965",2006-01-27,8.02161028955549,34.3588644903241,200,2006,1
"966",2007-01-30,7.92660672320392,34.1540575238,200,2007,1
"967",1984-02-13,9.18942183265239,34.9591554840017,200,1984,2
"968",1985-02-15,9.65031632946831,34.5043252054293,200,1985,2
"969",1987-02-10,7.23669717932257,33.8365105572383,200,1987,2
"970",1990-02-27,5.48999977111816,33.5857496261597,200,1990,2
"971",1991-02-10,6.23260294616222,33.5661413526535,200,1991,2
"972",1992-02-07,6.4753060209375,33.2921009404171,200,1992,2
"973",1995-02-17,8.68650775818598,34.4544218299502,200,1995,2
"974",1996-02-21,9.4957299369165,34.9678507691016,200,1996,2
"975",1997-02-18,8.19657859332362,34.497749213519,200,1997,2
"976",1998-02-16,6.33260061171158,33.4825194511131,200,1998,2
"977",1999-02-17,8.92226335242257,34.5275040043875,200,1999,2
"978",2000-02-23,6.36509858237372,33.5620914617785,200,2000,2
"979",2002-02-27,6.7049976423348,33.4219337232185,200,2002,2
"980",2005-02-05,6.40934730410846,33.9523165557498,200,2005,2
"981",2006-02-04,10.0032000160217,34.4830601501465,200,2006,2
"982",2007-02-02,8.44102407531381,34.285777482299,200,2007,2
"983",2008-02-13,6.82368385198713,33.9355567539142,200,2008,2
"984",2009-02-09,7.16434196409168,34.1600663183424,200,2009,2
"985",2010-02-17,7.68302830955476,33.9437577756175,200,2010,2
"986",2011-02-14,9.04404357783959,34.3794153728974,200,2011,2
"987",2012-02-09,8.54937459884547,34.3498072904963,200,2012,2
"988",2013-02-20,7.97852734002614,33.8548009561903,200,2013,2
"989",2017-02-21,8.98450232926101,34.2857770358902,200,2017,2
"990",1979-03-23,4.90910319176587,33.6338614047657,200,1979,3
"991",1984-03-25,6.24394451822725,33.621079716312,200,1984,3
"992",1985-03-22,8.77486219491158,33.125045358475,200,1985,3
"993",1992-03-29,4.75545454025269,32.8945451216264,200,1992,3
"994",1995-03-19,8.7470088158225,34.3767991941496,200,1995,3
"995",1996-03-18,9.06400662430243,35.0384934685656,200,1996,3
"996",1997-03-25,8.383843319653,34.4296653804298,200,1997,3
"997",1998-03-17,6.27403166586324,33.5614845412321,200,1998,3
"998",1999-03-17,7.64839703987315,34.3903717605252,200,1999,3
"999",2004-03-23,5.03839861373577,33.6185773778622,200,2004,3
"1000",2007-03-22,6.65266656875611,33.9098332722982,200,2007,3
"1001",2008-03-07,6.7415954173973,33.9117747637166,200,2008,3
"1002",2010-03-06,5.92022228240967,33.046501159668,200,2010,3
"1003",2011-03-13,7.48225003480911,33.363374710083,200,2011,3
"1004",2012-03-16,8.28924048750572,34.2292067208177,200,2012,3
"1005",2013-03-13,7.12412709153639,33.666444279201,200,2013,3
"1006",2014-03-05,8.19622356233825,34.2610141588842,200,2014,3
"1007",1984-04-23,8.35370859743962,34.7188415043581,200,1984,4
"1008",1985-04-08,8.35063914007096,34.4727458503822,200,1985,4
"1009",1987-04-12,6.30325245331734,33.6782557119349,200,1987,4
"1010",1988-04-14,8.27258994897207,34.8952930704753,200,1988,4
"1011",1991-04-11,6.32611429519165,33.6679631168638,200,1991,4
"1012",1992-04-11,6.99769940842288,33.8789186125815,200,1992,4
"1013",1993-04-21,5.78634044414014,33.3840135475283,200,1993,4
"1014",1994-04-17,8.03850003971924,34.3016495420135,200,1994,4
"1015",1995-04-19,7.8018351000759,34.0737013337766,200,1995,4
"1016",1996-04-22,7.65742551807348,34.010712732694,200,1996,4
"1017",1997-04-17,7.82088168936327,34.1081048065528,200,1997,4
"1018",1998-04-13,6.55013855246363,33.7486773939021,200,1998,4
"1019",1999-04-16,7.2998350112298,34.0733734554107,200,1999,4
"1020",2000-04-21,7.79797570428203,34.1279609070398,200,2000,4
"1021",2001-04-20,7.31226969376785,33.9226235322755,200,2001,4
"1022",2002-04-18,7.47760305248964,34.0093758332136,200,2002,4
"1023",2003-04-17,6.54666191127774,33.7921422933172,200,2003,4
"1024",2004-04-15,5.62090686938972,33.7369341164937,200,2004,4
"1025",2005-04-18,6.04104271288007,33.474447491137,200,2005,4
"1026",2006-04-09,7.71730959659737,34.180830672635,200,2006,4
"1027",2007-04-16,6.47640225317115,33.9244024292407,200,2007,4
"1028",2008-04-19,6.76271271898608,34.0243267396605,200,2008,4
"1029",2009-04-18,6.64602259309909,34.0911289206323,200,2009,4
"1030",2010-04-17,7.60672332973495,33.8643219526789,200,2010,4
"1031",2011-04-22,8.34869044400828,34.3706975884954,200,2011,4
"1032",2012-04-15,8.09257182058767,34.1341360569423,200,2012,4
"1033",2013-04-19,8.10001552173255,34.0997667269968,200,2013,4
"1034",2014-04-23,5.1875,33.2879981994629,200,2014,4
"1035",2015-04-19,7.14841922452688,34.1358865289399,200,2015,4
"1036",2017-04-21,8.48311705643481,34.1971032701839,200,2017,4
"1037",2019-04-20,9.34058751830033,34.631304171426,200,2019,4
"1038",1976-05-19,8.19126463241047,34.4391030042134,200,1976,5
"1039",1978-05-28,5.41250001129351,33.4935530612343,200,1978,5
"1040",1979-05-21,4.69886668523153,33.5541999816894,200,1979,5
"1041",1984-05-19,8.47660077123189,34.7949362676831,200,1984,5
"1042",1985-05-10,9.04262834826391,34.9641897258915,200,1985,5
"1043",1987-05-18,4.72860013961792,33.0006347790099,200,1987,5
"1044",1989-05-23,4.84548339372718,33.376285894574,200,1989,5
"1045",1995-05-15,8.88941901888166,34.6497452085845,200,1995,5
"1046",1996-05-13,9.21932926865662,34.9579246386054,200,1996,5
"1047",1997-05-25,8.76474266804244,34.8556164382291,200,1997,5
"1048",1998-05-18,6.04374202894748,34.0881320791728,200,1998,5
"1049",1999-05-24,9.73011198610444,34.9096601454324,200,1999,5
"1050",2000-05-02,5.70841572232575,33.3610847105575,200,2000,5
"1051",2001-05-03,8.98498997688294,34.8010699462891,200,2001,5
"1052",2003-05-28,7.13754502700116,34.1164508725386,200,2003,5
"1053",2004-05-14,4.32453235956419,33.3907882783076,200,2004,5
"1054",2005-05-11,4.84955717762973,32.8655700096477,200,2005,5
"1055",2006-05-11,6.20455764757386,33.4479631732863,200,2006,5
"1056",2007-05-31,8.01460001468659,34.3768299865723,200,2007,5
"1057",2008-05-04,5.59075727926339,33.413860278436,200,2008,5
"1058",2009-05-03,6.20772179112496,33.7016581093859,200,2009,5
"1059",2010-05-01,6.58399998346965,33.4311334737142,200,2010,5
"1060",2011-05-06,8.06323761481697,33.986131186197,200,2011,5
"1061",2012-05-08,7.60635843656666,33.8228632215392,200,2012,5
"1062",2013-05-03,7.0388437420357,33.6093418590201,200,2013,5
"1063",2014-05-17,7.0606607492857,33.8713132952963,200,2014,5
"1064",2015-05-13,6.94031349110973,33.945306426816,200,2015,5
"1065",2016-05-24,8.50029389864945,34.2094655959137,200,2016,5
"1066",2017-05-06,7.51244516194986,33.6972054806881,200,2017,5
"1067",2018-05-11,8.38695057493218,34.2639911690897,200,2018,5
"1068",2019-05-08,8.07898602774536,33.9983939994522,200,2019,5
"1069",1984-06-20,7.41784644722584,34.1705610845351,200,1984,6
"1070",1985-06-08,9.44868728471512,NA,200,1985,6
"1071",1986-06-21,7.23870084235898,34.2104993291238,200,1986,6
"1072",1988-06-17,7.69857195325791,34.7509872701308,200,1988,6
"1073",1989-06-08,5.17426564629196,33.4879427049812,200,1989,6
"1074",1993-06-04,8.5203969862547,35.085331893182,200,1993,6
"1075",1994-06-23,7.85514469154156,34.6159497917154,200,1994,6
"1076",1995-06-11,9.12031701164017,34.8488846993974,200,1995,6
"1077",1996-06-05,7.9255944007145,34.1948296176077,200,1996,6
"1078",1997-06-27,7.9535182389337,34.5752833649707,200,1997,6
"1079",1998-06-11,6.49867901086419,33.9461799951979,200,1998,6
"1080",1999-06-15,7.1584040164324,33.9899309941501,200,1999,6
"1081",2000-06-04,7.30354209217551,33.8830572494756,200,2000,6
"1082",2001-06-02,7.27198479391707,33.9950191430842,200,2001,6
"1083",2002-06-02,7.62694506107731,34.1665718084994,200,2002,6
"1084",2004-06-05,6.2373563329876,33.9171640454854,200,2004,6
"1085",2005-06-06,6.67819811871959,33.8280839545863,200,2005,6
"1086",2006-06-11,7.90910241905575,34.2810968252153,200,2006,6
"1087",2007-06-02,6.67498281692806,34.0363999258502,200,2007,6
"1088",2009-06-07,7.0785924008228,34.2021336942826,200,2009,6
"1089",2010-06-06,7.95410118270263,34.0283238707622,200,2010,6
"1090",2011-06-14,8.24234745215965,34.2004337844364,200,2011,6
"1091",2012-06-12,10.9511999702454,35.1599005126953,200,2012,6
"1092",2013-06-13,6.95863723317871,33.550828744956,200,2013,6
"1093",2015-06-06,6.1745025526254,33.7660801395036,200,2015,6
"1094",2016-06-07,7.75561463874453,33.8248805378579,200,2016,6
"1095",2017-06-03,8.25801647932102,34.1195673303807,200,2017,6
"1096",2018-06-04,7.95904755737666,34.1072018669014,200,2018,6
"1097",2019-06-02,8.49743124238539,34.2076451038306,200,2019,6
"1098",1985-07-11,6.86905124998012,33.9692378919936,200,1985,7
"1099",1987-07-30,7.82597319934421,34.481493656521,200,1987,7
"1100",1988-07-04,7.69510521631141,34.71603545646,200,1988,7
"1101",1991-07-28,6.48581642048944,33.5740979543282,200,1991,7
"1102",1992-07-07,6.15980004310608,33.3726998901367,200,1992,7
"1103",1993-07-24,6.65160906903501,33.7310610380847,200,1993,7
"1104",1994-07-28,6.0561999850803,33.4633869425456,200,1994,7
"1105",1995-07-17,9.05173073243122,35.0693416027147,200,1995,7
"1106",1997-07-03,8.22731231172363,34.5888425533493,200,1997,7
"1107",1998-07-11,6.64244709125849,34.1462481170556,200,1998,7
"1108",1999-07-11,8.61488834994694,34.5315696107972,200,1999,7
"1109",2000-07-09,9.15574686714334,34.6311523859556,200,2000,7
"1110",2001-07-14,7.3690687434902,34.2166432671182,200,2001,7
"1111",2002-07-09,8.78330628020785,34.7100515788325,200,2002,7
"1112",2003-07-07,8.25869396359644,34.4791392795317,200,2003,7
"1113",2004-07-14,7.60165896057638,34.4040967658501,200,2004,7
"1114",2005-07-05,8.1530364596996,34.5123507928601,200,2005,7
"1115",2006-07-11,8.44974609824525,34.7064653196351,200,2006,7
"1116",2007-07-17,6.94775084525629,34.2521524140685,200,2007,7
"1117",2008-07-13,7.69818416048156,34.5251128828482,200,2008,7
"1118",2010-07-13,8.95179843303922,34.5369944967171,200,2010,7
"1119",2011-07-12,8.859625288792,34.6908361906072,200,2011,7
"1120",2012-07-15,9.38257553976153,34.7399783759408,200,2012,7
"1121",2013-07-07,9.08975523302687,34.699122946841,200,2013,7
"1122",2016-07-27,11.3588000869751,35.4568201446533,200,2016,7
"1123",2018-07-04,10.5154998588562,35.0659399032593,200,2018,7
"1124",1976-08-22,7.49540672782283,34.2614275903,200,1976,8
"1125",1979-08-09,8.65871021212834,34.9583821299607,200,1979,8
"1126",1982-08-18,7.9056461590987,35.027011419443,200,1982,8
"1127",1986-08-11,7.49379605726182,34.2212769240361,200,1986,8
"1128",1987-08-02,7.2264421127695,34.1288105014449,200,1987,8
"1129",1992-08-13,7.54462611198425,34.3315684339735,200,1992,8
"1130",1993-08-02,5.36131453441751,33.2073544020629,200,1993,8
"1131",1994-08-02,8.43012182491418,34.4278671813628,200,1994,8
"1132",1995-08-22,7.87424963469152,33.5217791715666,200,1995,8
"1133",1997-08-06,6.82675464062587,33.6865386860711,200,1997,8
"1134",1998-08-19,6.89659359152411,34.0618955320201,200,1998,8
"1135",1999-08-22,8.78531915138288,34.6884868673029,200,1999,8
"1136",2000-08-26,7.71821646428864,34.1930026384185,200,2000,8
"1137",2001-08-15,7.33829534108832,34.1181081457273,200,2001,8
"1138",2002-08-26,8.0704427475245,34.3050277012772,200,2002,8
"1139",2003-08-25,7.56389679297576,34.3001730671167,200,2003,8
"1140",2004-08-28,6.54791154912481,34.0594474327232,200,2004,8
"1141",2005-08-21,7.33781610002346,34.2118983595262,200,2005,8
"1142",2006-08-25,8.07439347448004,34.4243354290026,200,2006,8
"1143",2007-08-23,7.05599861152384,34.2119345912365,200,2007,8
"1144",2008-08-24,6.80890072454414,34.0335996761486,200,2008,8
"1145",2009-08-27,7.34514106123515,34.3651709925441,200,2009,8
"1146",2010-08-22,8.39564316966902,34.423228220197,200,2010,8
"1147",2012-08-20,8.60728675901903,34.4206648613367,200,2012,8
"1148",2013-08-24,9.50694069628587,34.763623295551,200,2013,8
"1149",2016-08-17,8.48896131232477,34.223685841222,200,2016,8
"1150",2019-08-25,9.09979837777703,34.5145207592754,200,2019,8
"1151",1986-09-02,8.35547330538432,34.7811865488688,200,1986,9
"1152",1987-09-12,7.21057531713472,34.1430050793053,200,1987,9
"1153",1990-09-18,8.67609852774862,34.6709748663286,200,1990,9
"1154",1995-09-29,5.98959994316101,33.1466544301887,200,1995,9
"1155",1996-09-23,8.49807471609036,34.7284784725208,200,1996,9
"1156",1997-09-08,8.41729521325646,34.5578156336183,200,1997,9
"1157",1998-09-22,6.78965527435829,33.6948964349155,200,1998,9
"1158",1999-09-19,9.01175421540314,34.8323442454781,200,1999,9
"1159",2000-09-23,7.84846910813906,34.3308234436894,200,2000,9
"1160",2001-09-16,7.22211458743678,34.0750504252942,200,2001,9
"1161",2002-09-16,7.59896873963989,34.1273085891697,200,2002,9
"1162",2003-09-15,7.17394398367659,34.1776646503649,200,2003,9
"1163",2004-09-18,6.53574769367454,34.0891955373099,200,2004,9
"1164",2005-09-20,7.09713649368481,33.9803663540148,200,2005,9
"1165",2006-09-18,7.44116097688365,34.0640509485941,200,2006,9
"1166",2007-09-09,6.90259999275207,34.3445999145508,200,2007,9
"1167",2008-09-18,6.89270070151862,34.1240613833024,200,2008,9
"1168",2009-09-21,7.77027435807531,34.3814748387722,200,2009,9
"1169",2010-09-20,8.67677379077483,34.4574356600443,200,2010,9
"1170",2011-09-17,7.96649190463785,34.116135795213,200,2011,9
"1171",2012-09-19,8.34551206660017,34.4174092787281,200,2012,9
"1172",2013-09-02,7.37783902630243,33.8055241869898,200,2013,9
"1173",2014-09-10,6.8858846350707,33.9874099908804,200,2014,9
"1174",1979-10-21,9.54771725506337,35.1697356895259,200,1979,10
"1175",1988-10-11,8.14537216209402,34.5580299999447,200,1988,10
"1176",1990-10-04,5.60500001907349,33.4394237811749,200,1990,10
"1177",1991-10-15,7.69578513050739,34.1487010173581,200,1991,10
"1178",1992-10-20,7.36109074666624,33.9429104018692,200,1992,10
"1179",1993-10-14,7.85966517433285,34.2040778446687,200,1993,10
"1180",1994-10-17,8.19277739991406,34.347293409548,200,1994,10
"1181",1995-10-16,7.70445550355231,33.9630487606336,200,1995,10
"1182",1996-10-18,7.721969422415,34.2620680048098,200,1996,10
"1183",1997-10-18,7.62420274928061,34.0820438426423,200,1997,10
"1184",1998-10-25,6.78794663619864,33.9863529397098,200,1998,10
"1185",1999-10-24,9.74422134150776,34.7979063943637,200,1999,10
"1186",2000-10-09,8.08237260756363,34.3204725888887,200,2000,10
"1187",2001-10-12,7.44852697214551,34.148005108162,200,2001,10
"1188",2002-10-16,8.38433165514837,34.3674801654479,200,2002,10
"1189",2003-10-18,7.49653023093118,34.2374323787634,200,2003,10
"1190",2004-10-17,6.4181682582863,33.9178795827905,200,2004,10
"1191",2005-10-15,7.78313549069886,34.2945873959939,200,2005,10
"1192",2006-10-11,7.75013640802099,34.1856488806861,200,2006,10
"1193",2007-10-19,6.90039703007181,34.1187261513387,200,2007,10
"1194",2008-10-14,7.03838122757911,34.0744678545974,200,2008,10
"1195",2009-10-09,6.81329978394726,33.8947562920557,200,2009,10
"1196",2010-10-19,7.8197613266763,34.0474754634108,200,2010,10
"1197",2011-10-11,8.02664624183421,33.9798530762391,200,2011,10
"1198",2012-10-12,8.73439591229815,34.4697784889465,200,2012,10
"1199",2013-10-10,9.43628205715455,34.7542374316136,200,2013,10
"1200",2014-10-26,7.44979811306763,33.9875268199558,200,2014,10
"1201",2015-10-20,8.12624662892951,34.2940606851509,200,2015,10
"1202",2016-10-21,8.84361759429305,34.3199600997754,200,2016,10
"1203",2017-10-23,9.92273534924093,34.7082843229506,200,2017,10
"1204",2018-10-20,7.56463452536708,33.8523073751052,200,2018,10
"1205",2019-10-26,8.9051918623436,34.4383912417763,200,2019,10
"1206",1987-11-25,5.28999996185303,33.0851989746094,200,1987,11
"1207",1988-11-06,6.4811099547622,33.7903500995333,200,1988,11
"1208",1989-11-10,5.78393091395419,33.5704361460196,200,1989,11
"1209",1990-11-03,5.66924982554738,33.6226058680837,200,1990,11
"1210",1991-11-07,6.39079391979965,33.230121851983,200,1991,11
"1211",1993-11-06,6.80332263601657,33.7900666036958,200,1993,11
"1212",1994-11-12,7.01755104259569,34.0295104201959,200,1994,11
"1213",1995-11-26,9.17384298977074,34.8309205668011,200,1995,11
"1214",1996-11-09,7.61936088797754,33.9414504406119,200,1996,11
"1215",1997-11-09,7.49774189918272,33.6984837439752,200,1997,11
"1216",1998-11-14,6.91131708775173,34.038263277585,200,1998,11
"1217",1999-11-11,7.84990781676955,34.1459576872087,200,1999,11
"1218",2000-11-13,8.53669429248827,34.3093953595037,200,2000,11
"1219",2001-11-13,7.62589602012375,34.1581451234511,200,2001,11
"1220",2002-11-12,9.01533898998522,34.5253086729346,200,2002,11
"1221",2003-11-11,8.13000021737237,34.5630906449936,200,2003,11
"1222",2004-11-14,6.4836677092781,33.9847921172065,200,2004,11
"1223",2005-11-11,7.36335017515706,34.153269149196,200,2005,11
"1224",2006-11-11,8.31697951454582,34.4482151494409,200,2006,11
"1225",2007-11-11,6.99088749682652,34.1112074584341,200,2007,11
"1226",2008-11-07,7.01437909846131,33.9962936011265,200,2008,11
"1227",2009-11-11,7.52371492782558,34.0604946463124,200,2009,11
"1228",2010-11-14,8.86212123059124,34.3007068741605,200,2010,11
"1229",2011-11-11,8.5569051069044,34.4252201446724,200,2011,11
"1230",2012-11-04,9.09471454621993,34.4916029116256,200,2012,11
"1231",2013-11-13,8.6505287679404,34.350250285712,200,2013,11
"1232",2014-11-08,8.58483208102654,34.428822550498,200,2014,11
"1233",2015-11-01,7.65506446618159,33.9345954481764,200,2015,11
"1234",2016-11-05,9.13921142315542,34.2199207379074,200,2016,11
"1235",2017-11-10,8.79717647275502,34.0883520348058,200,2017,11
"1236",2018-11-05,8.4910728830975,34.2145019190975,200,2018,11
"1237",2019-11-05,8.68913164422981,34.0797429918779,200,2019,11
"1238",1988-12-04,7.42672663047683,34.2233745027986,200,1988,12
"1239",1989-12-05,6.0264414096227,33.7294987519304,200,1989,12
"1240",1990-12-03,5.83791227277251,33.714936104976,200,1990,12
"1241",1991-12-06,7.19463887943162,33.5005138264762,200,1991,12
"1242",1992-12-09,6.52889822187166,33.5628204966587,200,1992,12
"1243",1993-12-03,7.87190631801884,34.0777986665567,200,1993,12
"1244",1995-12-01,10.369506313324,35.0209480002267,200,1995,12
"1245",2003-12-19,10.2120308902047,35.2974623292865,200,2003,12
"1246",2010-12-01,8.16829491535457,33.9139199538857,200,2010,12
"1247",2011-12-05,8.11044126047808,33.3083973491893,200,2011,12
"1248",1997-01-18,7.71661615371704,34.9227419207173,250,1997,1
"1249",1999-01-20,7.15779993750832,34.8141028664329,250,1999,1
"1250",2002-01-28,7.49629629394154,35.0062594472626,250,2002,1
"1251",2004-01-27,8.2025532418109,35.0673087911403,250,2004,1
"1252",2005-01-31,7.07620010852814,34.7501399993896,250,2005,1
"1253",2006-01-29,7.59034613875242,35.0073797152593,250,2006,1
"1254",1985-02-17,7.29301445071514,35.06364939763,250,1985,2
"1255",1987-02-12,7.2932717573966,34.3183810658922,250,1987,2
"1256",1995-02-17,8.35000692564866,35.0148001046016,250,1995,2
"1257",1997-02-20,7.60895006887374,34.9338157407699,250,1997,2
"1258",1998-02-15,7.75950465091439,34.8018141458201,250,1998,2
"1259",1999-02-13,7.45003205510962,34.8947050491055,250,1999,2
"1260",2005-02-01,7.17923076336201,34.6942822383,250,2005,2
"1261",2008-02-10,7.48764013014628,34.7367197941209,250,2008,2
"1262",2009-02-09,6.96583284564221,34.7506318654363,250,2009,2
"1263",2010-02-21,7.99483334450495,34.5418088095529,250,2010,2
"1264",2011-02-14,8.28719201761437,34.849302558693,250,2011,2
"1265",2012-02-10,7.79057407381059,34.9214367995144,250,2012,2
"1266",2017-02-21,9.28523825463795,34.9999055272057,250,2017,2
"1267",1984-03-25,2.75699996948242,NA,250,1984,3
"1268",1995-03-19,8.27360010147094,35.097900390625,250,1995,3
"1269",1997-03-25,8.03865907131097,34.9854617974697,250,1997,3
"1270",1998-03-24,5.60449998002303,NA,250,1998,3
"1271",1999-03-24,7.35190282885312,34.9895265745553,250,1999,3
"1272",2004-03-24,7.05179494466537,34.1424227983524,250,2004,3
"1273",2008-03-07,6.94984372705221,34.1894993782043,250,2008,3
"1274",2012-03-14,7.99299120348026,35.0056281986019,250,2012,3
"1275",2013-03-04,8.85700035095215,35.0120010375977,250,2013,3
"1276",2014-03-05,8.81849904876422,35.1069392822938,250,2014,3
"1277",1985-04-10,8.41327874902272,35.0906008718904,250,1985,4
"1278",1987-04-11,7.27586109641444,34.4325658307225,250,1987,4
"1279",1988-04-13,7.60714124838511,35.3969666941961,250,1988,4
"1280",1991-04-09,6.41777767075433,33.9416677686903,250,1991,4
"1281",1992-04-09,7.81778521359548,34.9130029912106,250,1992,4
"1282",1993-04-18,7.4621210512362,34.8614270601774,250,1993,4
"1283",1994-04-10,8.609757085714,35.1650148902483,250,1994,4
"1284",1995-04-18,8.07250022888184,35.0848999023438,250,1995,4
"1285",1996-04-18,7.97525575251152,34.6604770862168,250,1996,4
"1286",1997-04-15,8.40540556841989,34.9971946092597,250,1997,4
"1287",1998-04-10,5.34818591549564,34.4651207958063,250,1998,4
"1288",1999-04-15,7.90577580803243,34.9908071481669,250,1999,4
"1289",2000-04-23,8.81203494380618,35.0674209424618,250,2000,4
"1290",2001-04-17,7.95060175476974,34.7720682569458,250,2001,4
"1291",2002-04-19,7.34457135617606,34.6908471311769,250,2002,4
"1292",2003-04-08,7.44773448979314,34.7995662891664,250,2003,4
"1293",2004-04-07,7.98939499660976,34.7691507752785,250,2004,4
"1294",2005-04-12,7.48237313985809,34.7274028624644,250,2005,4
"1295",2006-04-06,7.83441658698882,34.8172828109543,250,2006,4
"1296",2007-04-13,7.19636122018717,34.6522407812707,250,2007,4
"1297",2008-04-17,6.92147711586748,34.5661145165727,250,2008,4
"1298",2009-04-27,6.91819020075927,34.7735622969928,250,2009,4
"1299",2010-04-06,9.02078894600983,35.0662791781474,250,2010,4
"1300",2011-04-25,8.40594843852296,34.9539810545804,250,2011,4
"1301",2012-04-11,8.44430948325566,35.038216639322,250,2012,4
"1302",2013-04-22,8.45262751060645,35.0127084298459,250,2013,4
"1303",2015-04-19,8.2055333906686,35.038861418286,250,2015,4
"1304",2017-04-23,9.80729759445085,35.0955423133923,250,2017,4
"1305",2019-04-22,10.0800004005432,35.1882218254937,250,2019,4
"1306",1976-05-19,7.45615000724792,34.9644500732422,250,1976,5
"1307",1995-05-15,8.2941515084469,35.0520211422082,250,1995,5
"1308",1997-05-26,7.53645358766828,34.9668896538871,250,1997,5
"1309",1998-05-19,5.67989756421345,34.5717682256931,250,1998,5
"1310",1999-05-25,8.18670267672152,34.9765511590081,250,1999,5
"1311",2012-05-20,8.05224503411187,34.9847299868305,250,2012,5
"1312",2014-05-13,8.76812510393624,35.0704863758169,250,2014,5
"1313",2015-05-24,8.37225328027532,34.7159921482561,250,2015,5
"1314",2016-05-25,8.63605667900699,34.9613387406839,250,2016,5
"1315",2017-05-04,8.5140479405721,34.1825240907215,250,2017,5
"1316",2018-05-05,9.47649008684477,35.1407298460408,250,2018,5
"1317",2019-05-07,8.8917634957953,34.690241409852,250,2019,5
"1318",1984-06-20,8.18603546665804,34.842486765072,250,1984,6
"1319",1986-06-22,7.75808463724976,35.0733480208056,250,1986,6
"1320",1988-06-13,7.56415458520254,34.9109154721742,250,1988,6
"1321",1994-06-18,8.47069917033561,35.1096770846429,250,1994,6
"1322",1995-06-12,8.50975007329668,35.0832275935582,250,1995,6
"1323",1998-06-23,6.04918605227803,34.6675576498342,250,1998,6
"1324",1999-06-21,8.47433831141545,34.987219443688,250,1999,6
"1325",2001-06-02,8.11625008583069,34.6837814620563,250,2001,6
"1326",2002-06-02,7.75037511677592,34.5524246007687,250,2002,6
"1327",2004-06-04,8.63259308767902,34.9807506306322,250,2004,6
"1328",2005-06-07,7.53476669901783,34.9096137044036,250,2005,6
"1329",2006-06-10,8.1077860995018,35.0344242252321,250,2006,6
"1330",2007-06-01,7.00517857144357,34.6209882344626,250,2007,6
"1331",2009-06-07,7.96545588841485,34.8701003349558,250,2009,6
"1332",2011-06-14,8.51430441717125,34.8733292105601,250,2011,6
"1333",2013-06-15,7.51000022888184,33.8424987792969,250,2013,6
"1334",2015-06-01,5.90999984741211,33.6804000854492,250,2015,6
"1335",2016-06-09,9.01459469504472,35.1426591384702,250,2016,6
"1336",2017-06-03,9.20121404859755,34.7399748499992,250,2017,6
"1337",2018-06-02,10.0320199041485,35.2369288053753,250,2018,6
"1338",2019-06-03,8.88176015202719,34.6281394959769,250,2019,6
"1339",1985-07-12,8.69789386421743,35.0861097988112,250,1985,7
"1340",1987-07-30,7.77320903751318,34.8858086386776,250,1987,7
"1341",1992-07-16,11.558500289917,34.0073013305664,250,1992,7
"1342",1993-07-23,8.7023451774413,35.0612932181681,250,1993,7
"1343",1997-07-01,7.97710958245682,34.9863011608385,250,1997,7
"1344",1998-07-11,6.04830960846124,34.6834955601164,250,1998,7
"1345",1999-07-10,8.44992879423602,35.0774365786848,250,1999,7
"1346",2000-07-09,8.97990458153698,35.1294985557845,250,2000,7
"1347",2001-07-09,7.87886544286986,34.9289816622332,250,2001,7
"1348",2002-07-08,7.9314009308815,35.000210903309,250,2002,7
"1349",2003-07-08,8.18850736445828,35.038108011189,250,2003,7
"1350",2004-07-15,8.38683116592114,34.9119200018006,250,2004,7
"1351",2005-07-04,7.64041695536327,34.9814237696784,250,2005,7
"1352",2006-07-14,7.45361166441287,35.0446772431633,250,2006,7
"1353",2007-07-17,7.06853165770343,34.6108820917891,250,2007,7
"1354",2008-07-14,7.26854988084122,34.8451731669623,250,2008,7
"1355",2010-07-15,8.45228991621467,35.0705120194581,250,2010,7
"1356",2011-07-14,8.82610303546683,35.023993952521,250,2011,7
"1357",2012-07-16,8.2374325853769,35.0555616028451,250,2012,7
"1358",2013-07-07,8.98228883837913,35.0828277626542,250,2013,7
"1359",2016-07-27,6.77433598041534,35.0814999639988,250,2016,7
"1360",1979-08-09,6.86342499256134,35.0107251167297,250,1979,8
"1361",1982-08-18,7.34750008583069,35.015916188558,250,1982,8
"1362",1986-08-09,7.85416625510833,34.6108531730751,250,1986,8
"1363",1987-08-02,8.01810923044187,34.6954039517295,250,1987,8
"1364",1993-08-02,6.57999992370605,33.8470001220703,250,1993,8
"1365",1999-08-03,8.54054046812512,35.0857999892462,250,1999,8
"1366",2001-08-11,7.41942378703865,34.4462849901767,250,2001,8
"1367",2002-08-25,7.27042608392567,35.039705322699,250,2002,8
"1368",2003-08-25,8.20486472104047,35.0264151289656,250,2003,8
"1369",2004-08-28,7.18882358775419,34.5551787811835,250,2004,8
"1370",2005-08-21,7.59874923409675,35.0083291629686,250,2005,8
"1371",2006-08-26,7.9604575930141,35.0816757612251,250,2006,8
"1372",2007-08-26,7.1866471864861,34.9125799874249,250,2007,8
"1373",2008-08-23,7.3728431743734,34.8842840568692,250,2008,8
"1374",2009-08-27,7.41307548323604,35.0173514425718,250,2009,8
"1375",2010-08-22,8.36194057298382,35.08593886536,250,2010,8
"1376",2012-08-21,8.32749985494921,34.8224917291546,250,2012,8
"1377",2013-08-11,8.44129317619592,35.0978265311008,250,2013,8
"1378",2019-08-24,9.52958528954557,35.1846474976666,250,2019,8
"1379",1986-09-03,8.16718035838643,35.0360161828213,250,1986,9
"1380",1987-09-12,7.8283115573596,34.7509350311889,250,1987,9
"1381",1996-09-14,7.14409066317491,34.8621467384796,250,1996,9
"1382",1997-09-08,7.69604487602527,34.5581852717277,250,1997,9
"1383",1999-09-27,7.47780278702857,35.0484785697829,250,1999,9
"1384",2000-09-23,8.35269859539138,35.0556557628704,250,2000,9
"1385",2001-09-21,8.18787557673515,34.9572407524356,250,2001,9
"1386",2002-09-18,8.30047293893107,35.0451578088018,250,2002,9
"1387",2003-09-14,8.38883422099256,35.056805976462,250,2003,9
"1388",2004-09-19,8.16887991780747,34.9553706129518,250,2004,9
"1389",2005-09-21,7.95238089561462,35.0186674776531,250,2005,9
"1390",2006-09-18,8.27890713335288,34.9759782049475,250,2006,9
"1391",2008-09-16,7.1868068866072,34.8942769096638,250,2008,9
"1392",2009-09-21,8.33594418583343,34.9506057935209,250,2009,9
"1393",2010-09-24,8.35247114459578,35.1015971738083,250,2010,9
"1394",2011-09-22,7.93966336442967,35.0204617820684,250,2011,9
"1395",2012-09-14,8.34091629514746,35.0750927655999,250,2012,9
"1396",1979-10-22,7.14581255614758,35.0569070577622,250,1979,10
"1397",1988-10-11,8.35535075371726,35.0482452459502,250,1988,10
"1398",1991-10-08,8.21000003814697,35.012572152274,250,1991,10
"1399",1992-10-12,8.49400941352503,34.8975817101852,250,1992,10
"1400",1993-10-10,8.59089880054542,35.034698247569,250,1993,10
"1401",1994-10-12,7.86165296046249,34.7812705433627,250,1994,10
"1402",1995-10-19,8.29066650072733,34.3932859491419,250,1995,10
"1403",1996-10-18,7.86561935126051,34.9443710040656,250,1996,10
"1404",1997-10-12,7.81713752415079,34.9727155599127,250,1997,10
"1405",1998-10-23,7.15506701929244,34.9109667622214,250,1998,10
"1406",1999-10-23,8.50638214116374,35.1427610387247,250,1999,10
"1407",2000-10-08,8.25358858068342,34.869844800319,250,2000,10
"1408",2001-10-07,8.09981253344314,34.9728013402642,250,2001,10
"1409",2002-10-15,8.3714274947759,35.0942280233232,250,2002,10
"1410",2003-10-14,8.50598159155835,34.9601166061225,250,2003,10
"1411",2004-10-08,8.25624648809433,34.9408997143508,250,2004,10
"1412",2005-10-10,8.04235190130626,35.0511718954609,250,2005,10
"1413",2006-10-07,8.24851095754284,34.8547437985661,250,2006,10
"1414",2007-10-13,7.47675485706679,34.8852345025346,250,2007,10
"1415",2008-10-14,7.31073290248129,34.7037888573323,250,2008,10
"1416",2010-10-24,8.13176666259766,34.7773167101542,250,2010,10
"1417",2011-10-11,8.41217101247687,34.5409350144236,250,2011,10
"1418",2012-10-17,8.4996285596606,35.0117736956103,250,2012,10
"1419",2014-10-22,8.59150004386902,34.7134002685547,250,2014,10
"1420",2015-10-16,8.84961150145062,35.0194513537337,250,2015,10
"1421",2016-10-18,9.12471278462166,35.0936115284984,250,2016,10
"1422",2017-10-23,9.58605497963591,35.1920505421073,250,2017,10
"1423",2019-10-22,9.70499992370605,35.1209983825684,250,2019,10
"1424",1995-11-07,8.14316868782043,35.024206161499,250,1995,11
"1425",1996-11-06,8.26300560449647,34.7363135575509,250,1996,11
"1426",1998-11-21,6.88651618386615,34.8625944869074,250,1998,11
"1427",2000-11-13,8.0840741145758,35.0031236719202,250,2000,11
"1428",2001-11-11,8.52397432082739,35.0636411813589,250,2001,11
"1429",2002-11-12,9.42285704612732,35.0582141876221,250,2002,11
"1430",2003-11-11,7.73797026011023,34.5915981078699,250,2003,11
"1431",2004-11-16,7.66186673152912,34.8537277639285,250,2004,11
"1432",2005-11-07,7.2813650403704,34.5296138581776,250,2005,11
"1433",2006-11-13,7.4546791456893,35.0503654266726,250,2006,11
"1434",2007-11-13,7.56327274495905,34.8870373812589,250,2007,11
"1435",2008-11-07,7.40757857357439,34.8685629430127,250,2008,11
"1436",2009-11-08,8.47354908437617,34.9012855730971,250,2009,11
"1437",2010-11-09,8.37045063302895,35.1162821623949,250,2010,11
"1438",2011-11-10,8.12505759031614,34.9085249159584,250,2011,11
"1439",2012-11-03,8.54512033280426,34.7999587214227,250,2012,11
"1440",2013-11-12,9.12317029407778,35.0514097093158,250,2013,11
"1441",2014-11-09,8.26084344060241,34.8778171563134,250,2014,11
"1442",2016-11-04,9.31609519322713,34.7218527112689,250,2016,11
"1443",2019-11-03,9.37912395951015,34.8893722642977,250,2019,11
"1444",1995-12-01,8.48675381587102,35.0904464134803,250,1995,12
"1445",2010-12-01,8.40077789094713,34.4731383853489,250,2010,12
